access_group_id,id,asset_id,set_type_code,set_type_size,found_in_api
6,AAIWBT,dbs-web,text_format,NT,no
6,AAIWBT,dbs-web,text_plain,NT,no
6,AAKWBT,dbs-web,text_format,NT,no
6,AAKWBT,dbs-web,text_plain,NT,no
6,AAUWBT,dbs-web,text_plain,NT,no
6,AAUWBT,dbs-web,text_format,NT,no
6,AAZANT,dbs-web,text_format,NTOTP,no
6,AAZANT,dbs-web,text_plain,NTOTP,no
7,AAZEPC,dbp-prod,text_plain,NT,no
7,AAZEPC,dbp-prod,text_plain,NT,no
6,ABTWBT,dbs-web,text_plain,NT,no
6,ABTWBT,dbs-web,text_format,NT,no
6,ABTWWT,dbs-web,text_plain,NT,no
6,ABTWWT,dbs-web,text_format,NT,no
6,ABXWBT,dbs-web,text_format,NT,no
6,ABXWBT,dbs-web,text_plain,NT,no
6,ABYWBT,dbs-web,text_plain,NT,no
6,ABYWBT,dbs-web,text_format,NT,no
6,ACCIBS,dbs-web,text_plain,NT,no
6,ACCIBS,dbs-web,text_format,NT,no
6,ACCNNT,dbs-web,text_format,NT,no
6,ACCNNT,dbs-web,text_plain,NT,no
6,ACFWBT,dbs-web,text_format,NT,no
6,ACFWBT,dbs-web,text_plain,NT,no
6,ACRNNT,dbs-web,text_format,NT,no
6,ACRNNT,dbs-web,text_plain,NT,no
6,ACRTNT,dbs-web,text_plain,NT,no
6,ACRTNT,dbs-web,text_format,NT,no
7,ACUPIL,dbp-prod,text_plain,NT,no
7,ACUPIL,dbp-prod,text_plain,NT,no
7,ACUPILN1DA,dbp-prod,audio,NT,no
7,ACUPILN1DA,dbp-prod,audio,NT,no
6,ACUTBL,dbs-web,text_format,NT,no
6,ACUTBL,dbs-web,text_plain,NT,no
6,ADYIBT,dbs-web,text_format,OTP,no
6,ADYIBT,dbs-web,text_plain,OTP,no
7,ADYIBT,dbp-prod,text_plain,OTP,no
7,ADYIBT,dbp-prod,text_plain,OTP,no
7,ADYIBT,dbp-prod,text_format,OTP,no
7,ADYIBT,dbp-prod,text_format,OTP,no
6,ADZAMV,dbs-web,text_plain,OTP,no
6,ADZAMV,dbs-web,text_format,OTP,no
6,AEYWBT,dbs-web,text_plain,NTOTP,no
6,AEYWBT,dbs-web,text_format,NTOTP,no
7,AFRNVVN2DA,dbp-prod,audio_drama,NT,no
7,AFRNVVN2DA,dbp-prod,audio_drama,NT,no
7,AFRNVVP2DA,dbp-prod,audio_drama,OTP,no
7,AFRNVVP2DA,dbp-prod,audio_drama,OTP,no
6,AGDWBT,dbs-web,text_plain,NT,no
6,AGDWBT,dbs-web,text_format,NT,no
6,AGGPNG,dbs-web,text_plain,NT,no
6,AGGPNG,dbs-web,text_format,NT,no
6,AGMWBT,dbs-web,text_format,NT,no
6,AGMWBT,dbs-web,text_plain,NT,no
6,AGNWPS,dbs-web,text_format,NT,no
6,AGNWPS,dbs-web,text_plain,NT,no
6,AGRTBL,dbs-web,text_format,NTOTP,no
6,AGRTBL,dbs-web,text_plain,NT,no
6,AGTWBT,dbs-web,text_plain,NT,no
6,AGTWBT,dbs-web,text_format,NT,no
6,AGUNVS,dbs-web,text_plain,NT,no
6,AGUNVS,dbs-web,text_format,NTOTP,no
7,AGUWBT,dbp-prod,text_plain,NT,no
7,AGUWBT,dbp-prod,text_plain,NT,no
6,AGXIBT,dbs-web,text_format,NTP,no
6,AGXIBT,dbs-web,text_plain,NTP,no
7,AHKBIV,dbp-prod,text_format,NTOTP,no
7,AHKBIV,dbp-prod,text_plain,NTOTP,no
7,AHKBIV,dbp-prod,text_plain,NTOTP,no
7,AHKBIV,dbp-prod,text_format,NTOTP,no
6,AIIWBT,dbs-web,text_plain,NTOTP,no
6,AIIWBT,dbs-web,text_format,NTOTP,no
7,AK1BSGP2DV,dbp-vid,video_stream,NTP,no
7,AK1BSGP2DV,dbp-vid,video_stream,NTP,no
6,AKEBSS,dbs-web,text_format,NT,no
6,AKEBSS,dbs-web,text_plain,NT,no
6,AKHBSP,dbs-web,text_plain,NT,no
6,AKHBSP,dbs-web,text_format,NT,no
6,ALPWBT,dbs-web,text_plain,NT,no
6,ALPWBT,dbs-web,text_format,NT,no
6,ALQWBT,dbs-web,text_plain,NT,no
6,ALQWBT,dbs-web,text_format,NT,no
2,ALSABV,dbp-prod,text_plain,C,no
2,ALSABV,dbp-prod,text_format,NT,no
7,ALSBSAP2DV,dbp-vid,video_stream,NTP,no
7,ALSBSAP2DV,dbp-vid,video_stream,NTP,no
2,ALSSHQ,dbs-web,text_plain,C,no
2,ALSSHQ,dbs-web,text_format,C,no
6,ALTIBT,dbs-web,text_format,NT,no
6,ALTIBT,dbs-web,text_plain,NT,no
7,ALTIBTP2DV,dbp-vid,video_stream,NTP,no
7,ALTIBTP2DV,dbp-vid,video_stream,NTP,no
7,ALZBSUP2DV,dbp-vid,video_stream,NTP,no
7,ALZBSUP2DV,dbp-vid,video_stream,NTP,no
6,AMETBL,dbs-web,text_plain,NT,no
6,AMETBL,dbs-web,text_format,NT,no
6,AMFSIM,dbs-web,text_plain,NT,no
6,AMFSIM,dbs-web,text_format,NT,no
6,AMHUBS,dbs-web,text_plain,NT,no
6,AMHUBS,dbs-web,text_format,NT,no
6,AMKWBT,dbs-web,text_plain,NT,no
6,AMKWBT,dbs-web,text_format,NT,no
6,AMMWBT,dbs-web,text_format,NT,no
6,AMMWBT,dbs-web,text_plain,NT,no
6,AMNNAI,dbs-web,text_plain,NT,no
6,AMNNAI,dbs-web,text_format,NT,no
6,AMNWBT,dbs-web,text_format,NT,no
6,AMNWBT,dbs-web,text_plain,NT,no
6,AMPWBT,dbs-web,text_plain,NT,no
6,AMPWBT,dbs-web,text_format,NT,no
6,AMRWBT,dbs-web,text_plain,NT,no
6,AMRWBT,dbs-web,text_format,NT,no
6,AMULLB,dbs-web,text_format,NT,no
6,AMULLB,dbs-web,text_plain,NT,no
6,ANVWBT,dbs-web,text_plain,NT,no
6,ANVWBT,dbs-web,text_format,NT,no
6,AOJFIL,dbs-web,text_format,NT,no
6,AOJFIL,dbs-web,text_plain,NT,no
6,AOJWBT,dbs-web,text_plain,NT,no
6,AOJWBT,dbs-web,text_format,NT,no
6,AOMWBT,dbs-web,text_plain,NT,no
6,AOMWBT,dbs-web,text_format,NT,no
6,AONTBL,dbs-web,text_plain,NT,no
6,AONTBL,dbs-web,text_format,NT,no
6,APEAMA,dbs-web,text_plain,NT,no
6,APEAMA,dbs-web,text_format,NT,no
6,APETBL,dbs-web,text_format,NT,no
6,APETBL,dbs-web,text_plain,NT,no
7,APFCMU,dbp-prod,text_format,NT,no
7,APFCMU,dbp-prod,text_format,NT,no
7,APFCMU,dbp-prod,text_plain,NT,no
7,APFCMU,dbp-prod,text_plain,NT,no
6,APNWBT,dbs-web,text_format,NT,no
6,APNWBT,dbs-web,text_plain,NT,no
6,APRWBT,dbs-web,text_format,NT,no
6,APRWBT,dbs-web,text_plain,NT,no
6,APUTSA,dbs-web,text_format,NT,no
6,APUTSA,dbs-web,text_plain,NT,no
6,APWWNT,dbs-web,text_format,NT,no
6,APWWNT,dbs-web,text_plain,NT,no
6,APYWBT,dbs-web,text_format,NT,no
6,APYWBT,dbs-web,text_plain,NT,no
6,APZWBT,dbs-web,text_format,NT,no
6,APZWBT,dbs-web,text_plain,NT,no
7,ARBAKIS2DA,dbp-prod,audio_drama,S,no
7,ARBAKIS2DA,dbp-prod,audio_drama,S,no
6,ARBERV,dbs-web,text_plain,C,no
6,ARBERV,dbs-web,text_format,C,no
7,ARBGNV,dbp-prod,text_plain,NT,no
7,ARBGNV,dbp-prod,text_plain,NT,no
2,ARBVDV,dbs-web,text_plain,C,no
2,ARBVDV,dbs-web,text_format,C,no
6,ARLWBT,dbs-web,text_format,NT,no
6,ARLWBT,dbs-web,text_plain,NT,no
6,ARNSBU,dbs-web,text_format,NT,no
6,ARNSBU,dbs-web,text_plain,NT,no
2,ARPLUK,dbs-web,text_plain,NTP,no
2,ARPLUK,dbs-web,text_format,NTP,no
2,ARPPDV,dbp-prod,text_plain,NTP,no
7,ARUSBU,dbp-prod,text_plain,NT,no
7,ARUSBU,dbp-prod,text_plain,NT,no
7,ARYMBSP2DV,dbp-vid,video_stream,NTP,no
7,ARYMBSP2DV,dbp-vid,video_stream,NTP,no
7,ASABSTN1DA,dbp-prod,audio,NT,no
7,ASABSTN1DA,dbp-prod,audio,NT,no
7,ASABSTN1DA16,dbp-prod,audio,NT,no
7,ASABSTN1DA16,dbp-prod,audio,NT,no
7,ASABSTN2DA,dbp-prod,audio_drama,NT,no
7,ASABSTN2DA,dbp-prod,audio_drama,NT,no
7,ASABSTN2DA16,dbp-prod,audio_drama,NT,no
7,ASABSTN2DA16,dbp-prod,audio_drama,NT,no
7,ASESLV,dbp-prod,text_plain,C,no
7,ASESLV,dbp-prod,text_plain,C,no
7,ASMBSIN2DA,dbp-prod,audio_drama,NT,no
7,ASMBSIN2DA,dbp-prod,audio_drama,NT,no
6,ASMOAB,dbs-web,text_format,NT,no
6,ASMOAB,dbs-web,text_plain,NT,no
6,ASOTBL,dbs-web,text_format,NT,no
6,ASOTBL,dbs-web,text_plain,NT,no
6,ATAPNG,dbs-web,text_format,NTOTP,no
6,ATAPNG,dbs-web,text_plain,NTOTP,no
6,ATBWBT,dbs-web,text_format,NT,no
6,ATBWBT,dbs-web,text_plain,NT,no
6,ATDWBT,dbs-web,text_plain,NT,no
6,ATDWBT,dbs-web,text_format,NT,no
6,ATGWYI,dbs-web,text_plain,NT,no
6,ATGWYI,dbs-web,text_format,NT,no
6,ATTANT,dbs-web,text_format,NT,no
6,ATTANT,dbs-web,text_plain,NT,no
7,AUCWBT,dbp-prod,text_plain,NT,no
7,AUCWBT,dbp-prod,text_plain,NT,no
7,AUCWBT,dbp-prod,text_format,NT,no
7,AUCWBT,dbp-prod,text_format,NT,no
6,AUCWBT,dbs-web,text_plain,NT,no
6,AUCWBT,dbs-web,text_format,NT,no
7,AUCWBTN1DA,dbp-prod,audio,NT,no
7,AUCWBTN1DA,dbp-prod,audio,NT,no
7,AUCWBTN2DA,dbp-prod,audio_drama,NT,no
7,AUCWBTN2DA,dbp-prod,audio_drama,NT,no
7,AUCWBTN2DA16,dbp-prod,audio_drama,NT,no
7,AUCWBTN2DA16,dbp-prod,audio_drama,NT,no
6,AUIWBT,dbs-web,text_plain,NTPOTP,no
6,AUIWBT,dbs-web,text_format,NTPOTP,no
7,AUSGNBN1DA,dbp-prod,audio,NT,no
7,AUSGNBN1DA,dbp-prod,audio,NT,no
7,AUSGNBN2DA,dbp-prod,audio_drama,NT,no
7,AUSGNBN2DA,dbp-prod,audio_drama,NT,no
6,AUYWBT,dbs-web,text_plain,NT,no
6,AUYWBT,dbs-web,text_format,NT,no
7,AVAIBTP2DV,dbp-vid,video_stream,NTP,no
7,AVAIBTP2DV,dbp-vid,video_stream,NTP,no
6,AVRIBT,dbs-web,text_format,NT,no
6,AVRIBT,dbs-web,text_plain,NT,no
6,AVTWBT,dbs-web,text_format,NT,no
6,AVTWBT,dbs-web,text_plain,NT,no
6,AWAERV,dbs-web,text_format,C,no
6,AWAERV,dbs-web,text_plain,C,no
6,AWBTBL,dbs-web,text_format,NT,no
6,AWBTBL,dbs-web,text_plain,NT,no
6,AWXWBT,dbs-web,text_plain,OTP,no
6,AWXWBT,dbs-web,text_format,OTP,no
7,AZAATTP2DA,dbp-prod,audio_drama,OTP,no
7,AZAATTP2DA,dbp-prod,audio_drama,OTP,no
6,AZBEMV,dbs-web,text_plain,C,no
6,AZBEMV,dbs-web,text_format,C,no
7,AZEIBTN2DA,dbp-prod,audio_drama,NT,no
7,AZEIBTN2DA,dbp-prod,audio_drama,NT,no
6,AZGTBL,dbs-web,text_plain,NT,no
6,AZGTBL,dbs-web,text_format,NT,no
6,AZZTBL,dbs-web,text_format,NT,no
6,AZZTBL,dbs-web,text_plain,NT,no
6,BAKIBT,dbs-web,text_plain,NT,no
6,BAKIBT,dbs-web,text_format,NT,no
7,BAKIBTP2DV,dbp-vid,video_stream,NTP,no
7,BAKIBTP2DV,dbp-vid,video_stream,NTP,no
6,BAON10,dbs-web,text_format,NT,no
6,BAON10,dbs-web,text_plain,NT,no
6,BBABSB,dbs-web,text_format,NTOTP,no
6,BBABSB,dbs-web,text_plain,C,no
6,BBBWBT,dbs-web,text_plain,NTOTP,no
6,BBBWBT,dbs-web,text_format,NTOTP,no
6,BBRWBT,dbs-web,text_format,NT,no
6,BBRWBT,dbs-web,text_plain,NT,no
6,BCHWBT,dbs-web,text_plain,NTOTP,no
6,BCHWBT,dbs-web,text_format,NTOTP,no
6,BCOPNT,dbs-web,text_format,NTP,no
6,BCOPNT,dbs-web,text_plain,NTP,no
6,BDDPNG,dbs-web,text_format,NT,no
6,BDDPNG,dbs-web,text_plain,NT,no
7,BDHWBT,dbp-prod,text_plain,P,no
7,BDHWBT,dbp-prod,text_plain,P,no
7,BDHWBT,dbp-prod,text_format,P,no
7,BDHWBT,dbp-prod,text_format,P,no
2,BEAOOT,dbs-web,text_plain,NTP,no
2,BEAOOT,dbs-web,text_format,NTP,no
6,BEFWBT,dbs-web,text_plain,NT,no
6,BEFWBT,dbs-web,text_format,NT,no
6,BELJFC,dbs-web,text_format,NTOTP,no
6,BELJFC,dbs-web,text_plain,NTOTP,no
6,BENERV,dbs-web,text_plain,C,no
6,BENERV,dbs-web,text_format,C,no
6,BENOBB,dbs-web,text_plain,NT,no
6,BENOBB,dbs-web,text_format,NT,no
6,BENWYC,dbs-web,text_plain,NTOTP,no
6,BENWYC,dbs-web,text_format,NTOTP,no
7,BEQABC,dbp-prod,text_format,NT,no
7,BEQABC,dbp-prod,text_format,NT,no
7,BEQABC,dbp-prod,text_plain,NT,no
7,BEQABC,dbp-prod,text_plain,NT,no
6,BEUWBT,dbs-web,text_plain,NTPOTP,no
6,BEUWBT,dbs-web,text_format,NTPOTP,no
6,BFZBHM,dbs-web,text_format,NT,no
6,BFZBHM,dbs-web,text_plain,NT,no
6,BFZFBB,dbs-web,text_plain,NT,no
6,BFZFBB,dbs-web,text_format,NT,no
6,BGCOHB,dbs-web,text_format,NT,no
6,BGCOHB,dbs-web,text_plain,NT,no
6,BGSWBT,dbs-web,text_plain,NTOTP,no
6,BGSWBT,dbs-web,text_format,NTOTP,no
6,BHDOBB,dbs-web,text_format,NT,no
6,BHDOBB,dbs-web,text_plain,NT,no
6,BHGBHG,dbs-web,text_plain,NTP,no
6,BHGBHG,dbs-web,text_format,NTP,no
7,BHJOVVN2DA,dbp-prod,audio_drama,NT,no
7,BHJOVVN2DA,dbp-prod,audio_drama,NT,no
6,BHLPNG,dbs-web,text_format,NTOTP,no
6,BHLPNG,dbs-web,text_plain,NT,no
7,BHOSTYS1DA,dbp-prod,audio,S,no
7,BHOSTYS1DA,dbp-prod,audio,S,no
6,BIGWBT,dbs-web,text_format,NT,no
6,BIGWBT,dbs-web,text_plain,NT,no
7,BIUBSIN2DA,dbp-prod,audio_drama,NT,no
7,BIUBSIN2DA,dbp-prod,audio_drama,NT,no
6,BJPWBT,dbs-web,text_format,NTP,no
6,BJPWBT,dbs-web,text_plain,NTP,no
6,BJRWBT,dbs-web,text_format,NTOTP,no
6,BJRWBT,dbs-web,text_plain,NT,no
6,BJVWYI,dbs-web,text_format,NT,no
6,BJVWYI,dbs-web,text_plain,NT,no
7,BKDWBT,dbp-prod,text_format,NT,no
7,BKDWBT,dbp-prod,text_plain,NT,no
7,BKDWBT,dbp-prod,text_plain,NT,no
6,BKDWBT,dbs-web,text_plain,NT,no
6,BKDWBT,dbs-web,text_format,NT,no
7,BKDWBT,dbp-prod,text_format,NT,no
6,BKQWBT,dbs-web,text_plain,NT,no
6,BKQWBT,dbs-web,text_format,NT,no
6,BKXWBT,dbs-web,text_format,NTP,no
6,BKXWBT,dbs-web,text_plain,NTP,no
6,BLAMAT,dbs-web,text_format,NTP,no
6,BLAMAT,dbs-web,text_plain,NTP,no
6,BLWWBT,dbs-web,text_format,NT,no
6,BLWWBT,dbs-web,text_plain,NT,no
6,BLZLAI,dbs-web,text_plain,NT,no
6,BLZLAI,dbs-web,text_format,NT,no
6,BMHWBT,dbs-web,text_plain,NT,no
6,BMHWBT,dbs-web,text_format,NT,no
6,BMKWBT,dbs-web,text_format,NTP,no
6,BMKWBT,dbs-web,text_plain,NTP,no
7,BMQBSMP2DV,dbp-vid,video_stream,NTP,no
7,BMQBSMP2DV,dbp-vid,video_stream,NTP,no
6,BMRWBT,dbs-web,text_format,NT,no
6,BMRWBT,dbs-web,text_plain,NT,no
6,BMUPNG,dbs-web,text_format,NTOTP,no
6,BMUPNG,dbs-web,text_plain,NT,no
7,BNGOVVN2DA,dbp-prod,audio_drama,NT,no
7,BNGOVVN2DA,dbp-prod,audio_drama,NT,no
6,BNPWBT,dbs-web,text_format,NTOTP,no
6,BNPWBT,dbs-web,text_plain,NTOTP,no
6,BOATBL,dbs-web,text_plain,NT,no
6,BOATBL,dbs-web,text_format,NT,no
6,BOJWBT,dbs-web,text_plain,NT,no
6,BOJWBT,dbs-web,text_format,NT,no
6,BOJYAA,dbs-web,text_format,NT,no
6,BOJYAA,dbs-web,text_plain,NT,no
6,BONPNG,dbs-web,text_format,NT,no
6,BONPNG,dbs-web,text_plain,NT,no
6,BOXWYI,dbs-web,text_format,NT,no
6,BOXWYI,dbs-web,text_plain,NT,no
6,BPRWYI,dbs-web,text_format,NT,no
6,BPRWYI,dbs-web,text_plain,NT,no
6,BPSWPS,dbs-web,text_plain,NT,no
6,BPSWPS,dbs-web,text_format,NTOTP,no
6,BQCSIM,dbs-web,text_format,NTOTP,no
6,BQCSIM,dbs-web,text_plain,C,no
6,BQPSIM,dbs-web,text_format,NTOTP,no
6,BQPSIM,dbs-web,text_plain,NTOTP,no
6,BREBRB,dbs-web,text_format,NTP,no
6,BREBRB,dbs-web,text_plain,NTP,no
7,BRXBSIN2DA,dbp-prod,audio_drama,NT,no
7,BRXBSIN2DA,dbp-prod,audio_drama,NT,no
7,BSCWBT,dbp-prod,text_plain,NTOTP,no
7,BSCWBT,dbp-prod,text_plain,NTOTP,no
7,BSCWBT,dbp-prod,text_format,NTOTP,no
7,BSCWBT,dbp-prod,text_format,NTOTP,no
6,BSNTBL,dbs-web,text_plain,NT,no
6,BSNTBL,dbs-web,text_format,NT,no
7,BSNTBL,dbp-prod,text_plain,NT,no
7,BSNTBL,dbp-prod,text_plain,NT,no
6,BSPPBT,dbs-web,text_plain,NTPOTP,no
6,BSPPBT,dbs-web,text_format,NTPOTP,no
6,BSSWBT,dbs-web,text_format,NT,no
6,BSSWBT,dbs-web,text_plain,NT,no
7,BSTBSEP2DV,dbp-vid,video_stream,NTP,no
7,BSTBSEP2DV,dbp-vid,video_stream,NTP,no
2,BTTPDT,dbp-prod,text_plain,NT,no
6,BUAIBT,dbs-web,text_plain,NT,no
6,BUAIBT,dbs-web,text_format,NT,no
7,BUGLAI,dbp-prod,text_plain,NT,no
7,BUGLAI,dbp-prod,text_plain,NT,no
6,BUKLBT,dbs-web,text_format,NT,no
6,BUKLBT,dbs-web,text_plain,NT,no
2,BULB40,dbp-prod,text_plain,C,no
6,BULB40,dbs-web,text_plain,C,no
6,BULB40,dbs-web,text_format,C,no
6,BULERV,dbs-web,text_format,NT,no
6,BULERV,dbs-web,text_plain,NT,no
6,BUSSIM,dbs-web,text_plain,NTOTP,no
6,BUSSIM,dbs-web,text_format,NTOTP,no
6,BXHWBT,dbs-web,text_format,NTPOTP,no
6,BXHWBT,dbs-web,text_plain,NTPOTP,no
6,BYRWAG,dbs-web,text_plain,NTP,no
6,BYRWAG,dbs-web,text_format,NTP,no
6,BYRWBT,dbs-web,text_format,NTOTP,no
6,BYRWBT,dbs-web,text_plain,NTOTP,no
6,BYXWBT,dbs-web,text_plain,NTOTP,no
6,BYXWBT,dbs-web,text_format,NTOTP,no
6,BZDWBT,dbs-web,text_format,NTOTP,no
6,BZDWBT,dbs-web,text_plain,NTOTP,no
6,BZHPNG,dbs-web,text_plain,NT,no
6,BZHPNG,dbs-web,text_format,NT,no
7,BZHPNGP1DA,dbp-prod,audio,NTP,no
7,BZHPNGP1DA,dbp-prod,audio,NTP,no
7,BZHPNGP2DA,dbp-prod,audio_drama,NTP,no
7,BZHPNGP2DA,dbp-prod,audio_drama,NTP,no
6,BZJBSW,dbs-web,text_format,NT,no
6,BZJBSW,dbs-web,text_plain,NT,no
6,CAAWBT,dbs-web,text_plain,NT,no
6,CAAWBT,dbs-web,text_format,NTOTP,no
6,CABNVS,dbs-web,text_format,NT,no
6,CABNVS,dbs-web,text_plain,NT,no
6,CACRGB,dbs-web,text_format,C,no
6,CACRGB,dbs-web,text_plain,C,no
6,CAFWBT,dbs-web,text_plain,NT,no
6,CAFWBT,dbs-web,text_format,NT,no
6,CAKEAS,dbs-web,text_format,NT,no
6,CAKEAS,dbs-web,text_plain,NT,no
6,CAKSBG,dbs-web,text_plain,NT,no
6,CAKSBG,dbs-web,text_format,NT,no
6,CAKSDS,dbs-web,text_plain,NT,no
6,CAKSDS,dbs-web,text_format,NT,no
6,CAKSMJ,dbs-web,text_format,NT,no
6,CAKSMJ,dbs-web,text_plain,NT,no
6,CAKSOU,dbs-web,text_plain,NT,no
6,CAKSOU,dbs-web,text_format,NT,no
6,CAKSWT,dbs-web,text_format,NT,no
6,CAKSWT,dbs-web,text_plain,NT,no
6,CAKWSK,dbs-web,text_plain,NT,no
6,CAKWSK,dbs-web,text_format,NT,no
6,CAOWBT,dbs-web,text_plain,NT,no
6,CAOWBT,dbs-web,text_format,NT,no
6,CAPSBB,dbs-web,text_format,NT,no
6,CAPSBB,dbs-web,text_plain,NT,no
6,CARBSS,dbs-web,text_format,NT,no
6,CARBSS,dbs-web,text_plain,NT,no
6,CAVWBT,dbs-web,text_format,NT,no
6,CAVWBT,dbs-web,text_plain,NT,no
6,CAXSBB,dbs-web,text_format,NT,no
6,CAXSBB,dbs-web,text_plain,NT,no
6,CBCWBT,dbs-web,text_plain,NT,no
6,CBCWBT,dbs-web,text_format,NT,no
6,CBITBL,dbs-web,text_plain,NTOTP,no
6,CBITBL,dbs-web,text_format,NTOTP,no
6,CBKWBT,dbs-web,text_format,NT,no
6,CBKWBT,dbs-web,text_plain,NT,no
6,CBRWBT,dbs-web,text_plain,NTOTP,no
6,CBRWBT,dbs-web,text_format,NTOTP,no
6,CBSWBT,dbs-web,text_plain,NT,no
6,CBSWBT,dbs-web,text_format,NT,no
6,CBTTBL,dbs-web,text_plain,NT,no
6,CBTTBL,dbs-web,text_format,NTOTP,no
7,CBUTBL,dbp-prod,text_plain,NT,no
7,CBUTBL,dbp-prod,text_plain,NT,no
6,CBUWBT,dbs-web,text_format,NTOTP,no
6,CBUWBT,dbs-web,text_plain,NTOTP,no
6,CBVTBL,dbs-web,text_plain,NT,no
6,CBVTBL,dbs-web,text_format,NT,no
6,CCOTBL,dbs-web,text_format,NT,no
6,CCOTBL,dbs-web,text_plain,NT,no
6,CDHOCB,dbs-web,text_format,NT,no
6,CDHOCB,dbs-web,text_plain,NT,no
2,CEBCBV,dbp-prod,text_plain,C,no
7,CEBPVVN1DA,dbp-prod,audio,NT,no
7,CEBPVVN1DA,dbp-prod,audio,NT,no
6,CESNKB,dbs-web,text_plain,NT,no
6,CESNKB,dbs-web,text_format,NT,no
7,CEVNANN2DA,dbp-prod,audio_drama,NT,no
7,CEVNANN2DA,dbp-prod,audio_drama,NT,no
7,CEVNANN2DA16,dbp-prod,audio_drama,NT,no
7,CEVNANN2DA16,dbp-prod,audio_drama,NT,no
6,CGCTBL,dbs-web,text_plain,NT,no
6,CGCTBL,dbs-web,text_format,NT,no
7,CH1CNVC1DA,dbp-prod,audio,C,no
7,CH1CNVC1DA,dbp-prod,audio,C,no
6,CHACHA,dbs-web,text_plain,NTPOTP,no
6,CHACHA,dbs-web,text_format,NTPOTP,no
7,CHAUBS,dbp-prod,text_plain,NT,no
7,CHAUBS,dbp-prod,text_plain,NT,no
6,CHDWBT,dbs-web,text_plain,NT,no
6,CHDWBT,dbs-web,text_format,NT,no
6,CHEIBT,dbs-web,text_plain,C,no
6,CHEIBT,dbs-web,text_format,C,no
6,CHFTBL,dbs-web,text_format,NT,no
6,CHFTBL,dbs-web,text_plain,NT,no
6,CHKBSM,dbs-web,text_plain,C,no
6,CHKBSM,dbs-web,text_format,C,no
6,CHKIBT,dbs-web,text_format,NTP,no
6,CHKIBT,dbs-web,text_plain,NTP,no
2,CHNUN1,dbp-prod,text_plain,C,no
2,CHNUN1O2DA,dbp-prod,audio_drama,OT,no
2,CHNUNV,dbp-prod,text_plain,C,no
7,CHNUNVC1DA,dbp-prod,audio,C,no
7,CHNUNVC1DA,dbp-prod,audio,C,no
2,CHNUNVO2DA,dbp-prod,audio_drama,OT,no
6,CHQBLI,dbs-web,text_plain,NT,no
6,CHQBLI,dbs-web,text_format,NT,no
6,CHRCNT,dbs-web,text_plain,NT,no
6,CHRCNT,dbs-web,text_format,NT,no
2,CHRPDV,dbp-prod,text_plain,NT,no
6,CHVIBT,dbs-web,text_plain,NT,no
6,CHVIBT,dbs-web,text_format,NT,no
7,CHVIBTP2DV,dbp-vid,video_stream,NTP,no
7,CHVIBTP2DV,dbp-vid,video_stream,NTP,no
6,CHZWBT,dbs-web,text_format,NT,no
6,CHZWBT,dbs-web,text_plain,NT,no
6,CJOWBT,dbs-web,text_plain,NT,no
6,CJOWBT,dbs-web,text_format,NT,no
6,CJSIBT,dbs-web,text_plain,NTP,no
6,CJSIBT,dbs-web,text_format,NTP,no
6,CJVTBL,dbs-web,text_plain,NT,no
6,CJVTBL,dbs-web,text_format,NT,no
6,CLETBL,dbs-web,text_plain,NT,no
6,CLETBL,dbs-web,text_format,NT,no
6,CLUMBB,dbs-web,text_format,NT,no
6,CLUMBB,dbs-web,text_plain,NT,no
6,CMEWBT,dbs-web,text_plain,NT,no
6,CMEWBT,dbs-web,text_format,NT,no
6,CMNERV,dbs-web,text_plain,C,no
6,CMNERV,dbs-web,text_format,C,no
2,CMNUN1,dbs-web,text_format,C,no
2,CMNUN1,dbs-web,text_plain,C,no
2,CMNUNV,dbs-web,text_format,C,no
2,CMNUNV,dbs-web,text_plain,C,no
6,CNIWBT,dbs-web,text_format,NT,no
6,CNIWBT,dbs-web,text_plain,NT,no
6,CNLTBI,dbs-web,text_format,NT,no
6,CNLTBI,dbs-web,text_plain,NT,no
7,CNMGVR,dbp-prod,text_plain,OT,no
7,CNMGVR,dbp-prod,text_plain,OT,no
7,CNMRGBO2DA,dbp-prod,audio_drama,OT,no
7,CNMRGBO2DA,dbp-prod,audio_drama,OT,no
6,CNTTBL,dbs-web,text_format,NT,no
6,CNTTBL,dbs-web,text_plain,NT,no
6,COFWBT,dbs-web,text_plain,NT,no
6,COFWBT,dbs-web,text_format,NT,no
6,CONWBT,dbs-web,text_plain,NT,no
6,CONWBT,dbs-web,text_format,NTOTP,no
2,COPNNT,dbs-web,text_plain,NT,no
2,COPNNT,dbs-web,text_format,NT,no
6,COPSHC,dbs-web,text_format,NT,no
6,COPSHC,dbs-web,text_plain,NT,no
2,COPSNT,dbs-web,text_format,NT,no
2,COPSNT,dbs-web,text_plain,NT,no
6,COTTBL,dbs-web,text_format,NT,no
6,COTTBL,dbs-web,text_plain,NT,no
6,CPATBL,dbs-web,text_format,NT,no
6,CPATBL,dbs-web,text_plain,NT,no
6,CPBWBT,dbs-web,text_format,NT,no
6,CPBWBT,dbs-web,text_plain,NT,no
6,CPCWBT,dbs-web,text_plain,NT,no
6,CPCWBT,dbs-web,text_format,NT,no
6,CPUWBT,dbs-web,text_plain,NT,no
6,CPUWBT,dbs-web,text_format,NT,no
6,CPYWBT,dbs-web,text_plain,NTPOTP,no
6,CPYWBT,dbs-web,text_format,NTPOTP,no
7,CR1PDR,dbp-prod,text_plain,NT,no
7,CR1PDR,dbp-prod,text_plain,NT,no
6,CRHIBT,dbs-web,text_format,NTPOTP,no
6,CRHIBT,dbs-web,text_plain,C,no
7,CRHIBTC1DA,dbp-prod,audio,C,no
7,CRHIBTC1DA,dbp-prod,audio,C,no
7,CRHIBTP2DV,dbp-vid,video_stream,NTP,no
7,CRHIBTP2DV,dbp-vid,video_stream,NTP,no
7,CRKCBS,dbp-prod,text_format,NTPOTP,no
7,CRKCBS,dbp-prod,text_format,NTPOTP,no
6,CRNWBT,dbs-web,text_plain,NT,no
6,CRNWBT,dbs-web,text_format,NT,no
6,CRXNNT,dbs-web,text_plain,NTOTP,no
6,CRXNNT,dbs-web,text_format,NTOTP,no
6,CSOTBL,dbs-web,text_plain,NT,no
6,CSOTBL,dbs-web,text_format,NT,no
6,CTACFB,dbs-web,text_plain,NT,no
6,CTACFB,dbs-web,text_format,NT,no
7,CTATBLN1DA,dbp-prod,audio,NT,no
7,CTATBLN1DA,dbp-prod,audio,NT,no
6,CTPBLI,dbs-web,text_plain,NT,no
6,CTPBLI,dbs-web,text_format,NT,no
7,CTPTBLN1DA,dbp-prod,audio,NT,no
7,CTPTBLN1DA,dbp-prod,audio,NT,no
6,CTU976,dbs-web,text_plain,NT,no
6,CTU976,dbs-web,text_format,NT,no
6,CTUBLI,dbs-web,text_format,NT,no
6,CTUBLI,dbs-web,text_plain,NT,no
6,CTUCTI,dbs-web,text_plain,NT,no
6,CTUCTI,dbs-web,text_format,NT,no
6,CUBWBT,dbs-web,text_format,NT,no
6,CUBWBT,dbs-web,text_plain,NT,no
6,CUCTBL,dbs-web,text_plain,NT,no
6,CUCTBL,dbs-web,text_format,NT,no
6,CUIWBT,dbs-web,text_plain,NT,no
6,CUIWBT,dbs-web,text_format,NT,no
6,CUKNVS,dbs-web,text_format,C,no
6,CUKNVS,dbs-web,text_plain,NT,no
6,CUKWB9,dbs-web,text_format,NT,no
6,CUKWB9,dbs-web,text_plain,NT,no
6,CUTWBT,dbs-web,text_format,NT,no
6,CUTWBT,dbs-web,text_plain,NT,no
6,CUXCFB,dbs-web,text_plain,NT,no
6,CUXCFB,dbs-web,text_format,NT,no
6,CWEPBT,dbs-web,text_plain,NT,no
6,CWEPBT,dbs-web,text_format,NT,no
6,CYAAVV,dbs-web,text_plain,NT,no
6,CYAAVV,dbs-web,text_format,NT,no
7,CZCCETN1DA,dbp-prod,audio,NT,no
7,CZCCETN1DA,dbp-prod,audio,NT,no
7,CZCCETN1DA16,dbp-prod,audio,NT,no
7,CZCCETN1DA16,dbp-prod,audio,NT,no
2,CZCK13,dbp-prod,text_plain,C,no
6,DAAWYI,dbs-web,text_plain,NT,no
6,DAAWYI,dbs-web,text_format,NT,no
6,DADWBT,dbs-web,text_plain,NT,no
6,DADWBT,dbs-web,text_format,NT,no
7,DAGBSGN1DA,dbp-prod,audio,NT,no
7,DAGBSGN1DA,dbp-prod,audio,NT,no
6,DAHPNG,dbs-web,text_format,NT,no
6,DAHPNG,dbs-web,text_plain,NT,no
2,DAND33,dbp-prod,text_plain,C,no
6,DARIBT,dbs-web,text_format,NTP,no
6,DARIBT,dbs-web,text_plain,NTP,no
6,DEDWBT,dbs-web,text_plain,NTOTP,no
6,DEDWBT,dbs-web,text_format,NTOTP,no
6,DEUL12,dbs-web,text_format,C,no
6,DEUL12,dbs-web,text_plain,C,no
6,DGCWBT,dbs-web,text_format,NT,no
6,DGCWBT,dbs-web,text_plain,NT,no
6,DGOODB,dbs-web,text_format,NT,no
6,DGOODB,dbs-web,text_plain,NT,no
7,DGOSTYS1DA,dbp-prod,audio,S,no
7,DGOSTYS1DA,dbp-prod,audio,S,no
6,DGRCBS,dbs-web,text_format,NTOTP,no
6,DGRCBS,dbs-web,text_plain,NTOTP,no
6,DGZWBT,dbs-web,text_plain,NT,no
6,DGZWBT,dbs-web,text_format,NT,no
7,DIDWBT,dbp-prod,text_format,NT,no
7,DIDWBT,dbp-prod,text_format,NT,no
7,DIDWBT,dbp-prod,text_plain,NT,no
7,DIDWBT,dbp-prod,text_plain,NT,no
6,DIKTBL,dbs-web,text_plain,NT,no
6,DIKTBL,dbs-web,text_format,NT,no
6,DJKWBT,dbs-web,text_plain,NT,no
6,DJKWBT,dbs-web,text_format,NT,no
6,DNGIBT,dbs-web,text_format,OTP,no
6,DNGIBT,dbs-web,text_plain,OTP,no
6,DOBPNG,dbs-web,text_format,NT,no
6,DOBPNG,dbs-web,text_plain,NT,no
6,DOPBSB,dbs-web,text_plain,NT,no
6,DOPBSB,dbs-web,text_format,NTPOTP,no
7,DURABC,dbp-prod,text_plain,NT,no
7,DURABC,dbp-prod,text_plain,NT,no
7,DURABCP2DV,dbp-vid,video_stream,NTP,no
7,DURABCP2DV,dbp-vid,video_stream,NTP,no
6,DWRENT,dbs-web,text_plain,NT,no
6,DWRENT,dbs-web,text_format,NT,no
6,DWRTBL,dbs-web,text_plain,NT,no
6,DWRTBL,dbs-web,text_format,NT,no
6,DWWTBL,dbs-web,text_format,NT,no
6,DWWTBL,dbs-web,text_plain,NT,no
6,EBKWBT,dbs-web,text_format,NT,no
6,EBKWBT,dbs-web,text_plain,NT,no
6,EKOWBT,dbs-web,text_format,NTPOTP,no
6,EKOWBT,dbs-web,text_plain,NTPOTP,no
6,EMIWBT,dbs-web,text_format,NTPOTP,no
6,EMIWBT,dbs-web,text_plain,NTPOTP,no
6,EMPWYI,dbs-web,text_plain,NT,no
6,EMPWYI,dbs-web,text_format,NTOTP,no
7,EN1GNBN1DA,dbp-prod,audio,NT,no
7,EN1GNBN1DA,dbp-prod,audio,NT,no
7,EN1GNBN2DA,dbp-prod,audio_drama,NT,no
7,EN1GNBN2DA,dbp-prod,audio_drama,NT,no
2,EN1WEB,dbp-prod,text_plain,C,no
7,ENBBTLP2DV,dbp-vid,video_stream,NTP,no
7,ENBBTLP2DV,dbp-vid,video_stream,NTP,no
2,ENGASV,dbs-web,text_format,C,no
2,ENGASV,dbs-web,text_plain,C,no
2,ENGASV,dbp-prod,text_plain,C,no
2,ENGBBE,dbs-web,text_plain,C,no
2,ENGBBE,dbs-web,text_format,C,no
6,ENGBRE,dbs-web,text_plain,OT,no
6,ENGBRE,dbs-web,text_format,OT,no
2,ENGDBY,dbs-web,text_format,C,no
2,ENGDBY,dbs-web,text_plain,C,no
2,ENGDRV,dbs-web,text_format,C,no
2,ENGDRV,dbs-web,text_plain,C,no
6,ENGERU,dbs-web,text_plain,C,no
6,ENGERU,dbs-web,text_format,C,no
7,ENGESVC1DA,dbp-prod,audio,C,no
7,ENGESVC1DA,dbp-prod,audio,C,no
7,ENGGID,dbp-prod,text_plain,C,no
7,ENGGID,dbp-prod,text_plain,C,no
7,ENGGIDN1DA,dbp-prod,audio,NT,no
7,ENGGIDN1DA,dbp-prod,audio,NT,no
7,ENGGIDN2DA,dbp-prod,audio_drama,NT,no
7,ENGGIDN2DA,dbp-prod,audio_drama,NT,no
7,ENGGIDO1DA,dbp-prod,audio,OT,no
7,ENGGIDO1DA,dbp-prod,audio,OT,no
7,ENGGIDO2DA,dbp-prod,audio_drama,OT,no
7,ENGGIDO2DA,dbp-prod,audio_drama,OT,no
6,ENGGLW,dbs-web,text_format,NTP,no
6,ENGGLW,dbs-web,text_plain,NTP,no
7,ENGIMEP1DA,dbp-prod,audio,NTP,no
7,ENGIMEP1DA,dbp-prod,audio,NTP,no
7,ENGIMEP2DA,dbp-prod,audio_drama,NTP,no
7,ENGIMEP2DA,dbp-prod,audio_drama,NTP,no
6,ENGKJV,dbs-web,text_format,C,no
6,ENGKJV,dbs-web,text_plain,C,no
2,ENGKJV,dbp-prod,text_plain,C,no
6,ENGLXU,dbs-web,text_format,OT,no
6,ENGLXU,dbs-web,text_plain,OT,no
6,ENGLXX,dbs-web,text_format,OT,no
6,ENGLXX,dbs-web,text_plain,OT,no
6,ENGMEV,dbs-web,text_format,C,no
6,ENGMEV,dbs-web,text_plain,C,no
7,ENGNABN1DA,dbp-prod,audio,NT,no
7,ENGNABN1DA,dbp-prod,audio,NT,no
7,ENGNIRC2DA,dbp-prod,audio_drama,S,no
7,ENGNIRC2DA,dbp-prod,audio_drama,S,no
7,ENGNKJN1DA,dbp-prod,audio,NT,no
7,ENGNKJN1DA,dbp-prod,audio,NT,no
2,ENGOE1,dbs-web,text_format,NTOTP,no
2,ENGOE1,dbs-web,text_plain,NTOTP,no
2,ENGOEB,dbs-web,text_plain,NTOTP,no
2,ENGOEB,dbs-web,text_format,NTOTP,no
6,ENGOUR,dbs-web,text_plain,NTPOTP,no
6,ENGOUR,dbs-web,text_format,NTPOTP,no
2,ENGREV,dbp-prod,text_plain,C,no
2,ENGRV5,dbs-web,text_plain,C,no
2,ENGRV5,dbs-web,text_format,C,no
6,ENGT4T,dbs-web,text_plain,C,no
6,ENGT4T,dbs-web,text_format,C,no
6,ENGTLV,dbs-web,text_plain,C,no
2,ENGWEB,dbp-prod,text_plain,C,no
2,ENGWEB,dbp-prod,text_format,C,no
2,ENGWEB,dbs-web,text_format,C,no
2,ENGWEB,dbs-web,text_plain,C,no
2,ENGWEBC,dbs-web,text_plain,NTOTP,no
2,ENGWEBC,dbs-web,text_format,NTOTP,no
2,ENGWEBP,dbs-web,text_plain,C,no
2,ENGWEBP,dbs-web,text_format,C,no
2,ENGWEBPB,dbs-web,text_format,C,no
2,ENGWEBPB,dbs-web,text_plain,C,no
2,ENGWEU,dbs-web,text_format,C,no
2,ENGWEU,dbs-web,text_plain,C,no
2,ENGWM1,dbp-prod,text_plain,C,no
2,ENGWMB,dbs-web,text_plain,C,no
2,ENGWMB,dbs-web,text_format,C,no
2,ENGWMU,dbs-web,text_plain,C,no
2,ENGWMU,dbs-web,text_format,C,no
7,ENGWMV,dbp-prod,text_plain,C,no
7,ENGWMV,dbp-prod,text_plain,C,no
6,ENQPN2,dbs-web,text_format,NTP,no
6,ENQPN2,dbs-web,text_plain,NTP,no
6,ENQPNG,dbs-web,text_format,NT,no
6,ENQPNG,dbs-web,text_plain,NT,no
7,ERVBSIN2DA,dbp-prod,audio_drama,NT,no
7,ERVBSIN2DA,dbp-prod,audio_drama,NT,no
7,ERVBSIN2DA16,dbp-prod,audio_drama,NT,no
7,ERVBSIN2DA16,dbp-prod,audio_drama,NT,no
6,ESEWBT,dbs-web,text_plain,NT,no
6,ESEWBT,dbs-web,text_format,NT,no
6,ESKWBT,dbs-web,text_format,NT,no
6,ESKWBT,dbs-web,text_plain,NT,no
6,ETRTBL,dbs-web,text_plain,NTPOTP,no
6,ETRTBL,dbs-web,text_format,NTPOTP,no
2,EUSNLT,dbp-prod,text_plain,NT,no
7,EWOABCN1DA,dbp-prod,audio,NT,no
7,EWOABCN1DA,dbp-prod,audio,NT,no
7,EWOABCN1DA16,dbp-prod,audio,NT,no
7,EWOABCN1DA16,dbp-prod,audio,NT,no
7,EWOABCN2DA,dbp-prod,audio_drama,NT,no
7,EWOABCN2DA,dbp-prod,audio_drama,NT,no
7,EWOABCN2DA16,dbp-prod,audio_drama,NT,no
7,EWOABCN2DA16,dbp-prod,audio_drama,NT,no
6,FAAWBT,dbs-web,text_format,NT,no
6,FAAWBT,dbs-web,text_plain,NT,no
6,FAIPNG,dbs-web,text_format,NT,no
6,FAIPNG,dbs-web,text_plain,NT,no
7,FFMTBLN2DA,dbp-prod,audio_drama,NT,no
7,FFMTBLN2DA,dbp-prod,audio_drama,NT,no
6,FFMWBT,dbs-web,text_format,NT,no
6,FFMWBT,dbs-web,text_plain,NT,no
2,FIN38V,dbp-prod,text_plain,C,no
6,FORNYB,dbs-web,text_plain,NT,no
6,FORNYB,dbs-web,text_format,NT,no
6,FRALSG,dbs-web,text_format,NTPOTP,no
6,FRALSG,dbs-web,text_plain,NTPOTP,no
6,FRAOST,dbs-web,text_format,C,no
6,FRAOST,dbs-web,text_plain,C,no
2,FRNDBY,dbp-prod,text_plain,C,no
7,FRNLSV,dbp-prod,text_plain,C,no
7,FRNLSV,dbp-prod,text_plain,C,no
7,FRNLSV,dbp-prod,text_format,C,no
7,FRNLSV,dbp-prod,text_format,C,no
2,FRNO96,dbp-prod,text_plain,C,no
7,FRNPDF,dbp-prod,text_plain,C,no
7,FRNPDF,dbp-prod,text_plain,C,no
6,FUESIM,dbs-web,text_plain,NT,no
7,FUESIM,dbp-prod,text_plain,NT,no
6,FUESIM,dbs-web,text_format,NTP,no
7,FUESIM,dbp-prod,text_plain,NT,no
6,FUFPBT,dbs-web,text_plain,NT,no
6,FUFPBT,dbs-web,text_format,NT,no
7,FUFPBTP2DV,dbp-vid,video_stream,NTP,no
7,FUFPBTP2DV,dbp-vid,video_stream,NTP,no
6,FUHSIM,dbs-web,text_plain,NT,no
6,FUHSIM,dbs-web,text_format,NT,no
7,FUHSIMP1DV,dbp-vid,video_stream,NTP,no
7,FUHSIMP1DV,dbp-vid,video_stream,NTP,no
6,GAGIBC,dbs-web,text_format,NT,no
6,GAGIBC,dbs-web,text_plain,NT,no
6,GAGIBL,dbs-web,text_plain,NT,no
6,GAGIBL,dbs-web,text_format,NT,no
6,GAHPNG,dbs-web,text_plain,NT,no
6,GAHPNG,dbs-web,text_format,NT,no
6,GAMWBT,dbs-web,text_plain,NT,no
6,GAMWBT,dbs-web,text_format,NT,no
6,GAWWBT,dbs-web,text_format,NT,no
6,GAWWBT,dbs-web,text_plain,NT,no
6,GBKOGB,dbs-web,text_plain,NT,no
6,GBKOGB,dbs-web,text_format,NT,no
7,GBMBSIN2DA,dbp-prod,audio_drama,NT,no
7,GBMBSIN2DA,dbp-prod,audio_drama,NT,no
7,GBOLBTP1DA,dbp-prod,audio,NTP,no
7,GBOLBTP1DA,dbp-prod,audio,NTP,no
7,GBOLBTP2DA,dbp-prod,audio_drama,NTP,no
7,GBOLBTP2DA,dbp-prod,audio_drama,NTP,no
6,GDNPNG,dbs-web,text_format,NT,no
6,GDNPNG,dbs-web,text_plain,NT,no
6,GDRPNG,dbs-web,text_format,NT,no
6,GDRPNG,dbs-web,text_plain,NT,no
6,GEBPBT,dbs-web,text_format,NT,no
6,GEBPBT,dbs-web,text_plain,NT,no
2,GERD05,dbp-prod,text_plain,C,no
2,GERD71,dbp-prod,text_plain,C,no
2,GERL12,dbp-prod,text_plain,C,no
2,GERL12,dbp-prod,text_format,C,no
2,GERL45,dbp-prod,text_plain,C,no
6,GFKTBL,dbs-web,text_format,NT,no
6,GFKTBL,dbs-web,text_plain,NT,no
6,GHSWBT,dbs-web,text_plain,NT,no
6,GHSWBT,dbs-web,text_format,NT,no
6,GLKGLK,dbs-web,text_format,NTP,no
6,GLKGLK,dbs-web,text_plain,NTP,no
6,GMVTBL,dbs-web,text_plain,NT,no
6,GMVTBL,dbs-web,text_format,NT,no
6,GMVWBT,dbs-web,text_plain,NT,no
6,GMVWBT,dbs-web,text_format,NT,no
6,GNGWYI,dbs-web,text_plain,NT,no
6,GNGWYI,dbs-web,text_format,NT,no
6,GNWWBT,dbs-web,text_plain,NT,no
6,GNWWBT,dbs-web,text_format,NT,no
6,GOFE09,dbs-web,text_format,NT,no
6,GOFE09,dbs-web,text_plain,NT,no
6,GOFTBL,dbs-web,text_plain,NT,no
6,GOFTBL,dbs-web,text_format,NT,no
2,GRCTIS,dbs-web,text_plain,NT,no
2,GRCTIS,dbs-web,text_format,NT,no
7,GRKAVS,dbp-prod,text_plain,OTP,no
7,GRKAVS,dbp-prod,text_plain,OTP,no
2,GRKEPT,dbp-prod,text_plain,NT,no
2,GRKEPT,dbp-prod,text_format,NT,no
7,GRKSFTP1DV,dbp-vid,video_stream,P,no
7,GRKSFTP1DV,dbp-vid,video_stream,P,no
7,GRKV67N1DA,dbp-prod,audio,NT,no
7,GRKV67N1DA,dbp-prod,audio,NT,no
7,GRNNVS,dbp-prod,text_plain,NT,no
7,GRNNVS,dbp-prod,text_plain,NT,no
6,GUBWBT,dbs-web,text_format,C,no
6,GUBWBT,dbs-web,text_plain,C,no
6,GUHWBT,dbs-web,text_plain,NT,no
6,GUHWBT,dbs-web,text_format,NT,no
6,GUISBU,dbs-web,text_plain,NT,no
6,GUISBU,dbs-web,text_format,NT,no
6,GUJGOV,dbs-web,text_format,NTP,no
6,GUJGOV,dbs-web,text_plain,NTP,no
6,GUJOGB,dbs-web,text_plain,NTP,no
6,GUJOGB,dbs-web,text_format,NTP,no
7,GUJOVVN2DA,dbp-prod,audio_drama,NT,no
7,GUJOVVN2DA,dbp-prod,audio_drama,NT,no
6,GULWBT,dbs-web,text_format,NT,no
6,GULWBT,dbs-web,text_plain,NT,no
6,GUMTBL,dbs-web,text_plain,NT,no
6,GUMTBL,dbs-web,text_format,NTOTP,no
6,GUNWBT,dbs-web,text_plain,NT,no
6,GUNWBT,dbs-web,text_format,C,no
6,GUOWBT,dbs-web,text_format,NT,no
6,GUOWBT,dbs-web,text_plain,NT,no
6,GVCTBL,dbs-web,text_plain,NT,no
6,GVCTBL,dbs-web,text_format,NT,no
6,GVFWBT,dbs-web,text_plain,NT,no
6,GVFWBT,dbs-web,text_format,NT,no
6,GWIG11,dbs-web,text_plain,NT,no
6,GWIG11,dbs-web,text_format,NT,no
6,GYMWBT,dbs-web,text_plain,NT,no
6,GYMWBT,dbs-web,text_format,NT,no
6,GYRSBB,dbs-web,text_plain,NT,no
6,GYRSBB,dbs-web,text_format,NT,no
7,HA1THV,dbp-prod,text_plain,NT,no
7,HA1THV,dbp-prod,text_plain,NT,no
2,HAWKKH,dbs-web,text_plain,C,no
2,HAWKKH,dbs-web,text_format,C,no
2,HBOMAS,dbs-web,text_plain,OT,no
2,HBOMAS,dbs-web,text_format,OT,no
7,HBRMHVN1DA,dbp-prod,audio,NT,no
7,HBRMHVN1DA,dbp-prod,audio,NT,no
6,HCHWBT,dbs-web,text_format,NT,no
6,HCHWBT,dbs-web,text_plain,NT,no
2,HEBWLC,dbs-web,text_plain,OT,no
2,HEBWLC,dbs-web,text_format,OT,no
6,HEGWBT,dbs-web,text_format,NTOTP,no
6,HEGWBT,dbs-web,text_plain,NTOTP,no
7,HILPVVN1DA,dbp-prod,audio,NT,no
7,HILPVVN1DA,dbp-prod,audio,NT,no
6,HINERV,dbs-web,text_plain,C,no
6,HINERV,dbs-web,text_format,C,no
7,HINHNVP1DV,dbp-vid,video_stream,NTP,no
7,HINHNVP1DV,dbp-vid,video_stream,NTP,no
6,HINOHB,dbs-web,text_format,NT,no
6,HINOHB,dbs-web,text_plain,NT,no
6,HIXWBT,dbs-web,text_format,NT,no
6,HIXWBT,dbs-web,text_plain,NT,no
6,HLAHNT,dbs-web,text_format,NT,no
6,HLAHNT,dbs-web,text_plain,NT,no
6,HMOPNG,dbs-web,text_plain,C,no
6,HMOPNG,dbs-web,text_format,C,no
7,HNDOVVN2DA,dbp-prod,audio_drama,NT,no
7,HNDOVVN2DA,dbp-prod,audio_drama,NT,no
7,HNEBSIN2DA,dbp-prod,audio_drama,NT,no
7,HNEBSIN2DA,dbp-prod,audio_drama,NT,no
6,HNSWBT,dbs-web,text_format,NT,no
6,HNSWBT,dbs-web,text_plain,NT,no
7,HOPABSP2DA,dbp-prod,audio_drama,NTP,no
7,HOPABSP2DA,dbp-prod,audio_drama,NTP,no
7,HOPABSP2DA16,dbp-prod,audio_drama,NTP,no
7,HOPABSP2DA16,dbp-prod,audio_drama,NTP,no
6,HOPHNT,dbs-web,text_plain,NT,no
6,HOPHNT,dbs-web,text_format,NT,no
6,HOTWBT,dbs-web,text_plain,NT,no
6,HOTWBT,dbs-web,text_format,NT,no
7,HRVCBV,dbp-prod,text_plain,C,no
7,HRVCBV,dbp-prod,text_plain,C,no
6,HRVERV,dbs-web,text_plain,NT,no
6,HRVERV,dbs-web,text_format,NT,no
6,HTOWBT,dbs-web,text_format,NT,no
6,HTOWBT,dbs-web,text_plain,NT,no
6,HUBWBT,dbs-web,text_format,NT,no
6,HUBWBT,dbs-web,text_plain,NT,no
6,HUIPNG,dbs-web,text_plain,C,no
6,HUIPNG,dbs-web,text_format,C,no
6,HUNERV,dbs-web,text_plain,C,no
6,HUNERV,dbs-web,text_format,C,no
7,HUNHBS,dbp-prod,text_plain,NT,no
7,HUNHBS,dbp-prod,text_plain,NT,no
7,HUNHBSN1DA,dbp-prod,audio,NT,no
7,HUNHBSN1DA,dbp-prod,audio,NT,no
2,HUNK90,dbp-prod,text_plain,C,no
6,HUSLLB,dbs-web,text_format,NT,no
6,HUSLLB,dbs-web,text_plain,NT,no
6,HUSWBT,dbs-web,text_format,NT,no
6,HUSWBT,dbs-web,text_plain,NT,no
6,HUUHNT,dbs-web,text_plain,NT,no
6,HUUHNT,dbs-web,text_format,NT,no
6,HUVTBL,dbs-web,text_format,NT,no
6,HUVTBL,dbs-web,text_plain,NT,no
6,HVNMRK,dbs-web,text_format,NTP,no
6,HVNMRK,dbs-web,text_plain,NTP,no
6,HWCPGN,dbs-web,text_format,NT,no
6,HWCPGN,dbs-web,text_plain,NT,no
6,IANWBT,dbs-web,text_format,NT,no
6,IANWBT,dbs-web,text_plain,NT,no
7,IC1WBTP1DA,dbp-prod,audio,NTP,no
7,IC1WBTP1DA,dbp-prod,audio,NTP,no
6,IGNSBB,dbs-web,text_plain,NT,no
6,IGNSBB,dbs-web,text_format,NT,no
6,IKKWBT,dbs-web,text_format,NT,no
6,IKKWBT,dbs-web,text_plain,NT,no
6,IKWWBT,dbs-web,text_plain,NT,no
6,IKWWBT,dbs-web,text_format,NT,no
7,ILOPVVN1DA,dbp-prod,audio,NT,no
7,ILOPVVN1DA,dbp-prod,audio,NT,no
6,IMOTBL,dbs-web,text_format,NT,no
6,IMOTBL,dbs-web,text_plain,NT,no
6,INBWBT,dbs-web,text_format,NT,no
6,INBWBT,dbs-web,text_plain,NT,no
6,INDERV,dbs-web,text_format,NT,no
6,INDERV,dbs-web,text_plain,NT,no
2,INDSHV,dbp-prod,text_plain,C,no
6,INOTBL,dbs-web,text_format,NT,no
6,INOTBL,dbs-web,text_plain,NT,no
6,IOUTBL,dbs-web,text_format,NTOTP,no
6,IOUTBL,dbs-web,text_plain,NTOTP,no
6,IPILBT,dbs-web,text_format,NT,no
6,IPILBT,dbs-web,text_plain,NT,no
7,ITALCVP2DV,dbp-vid,video_stream,NTP,no
7,ITALCVP2DV,dbp-vid,video_stream,NTP,no
7,ITALND,dbp-prod,text_plain,C,no
7,ITALND,dbp-prod,text_plain,C,no
2,ITAR27,dbp-prod,text_plain,C,no
6,IWSWBT,dbs-web,text_format,NT,no
6,IWSWBT,dbs-web,text_plain,NT,no
6,IXLWBN,dbs-web,text_format,NT,no
6,IXLWBN,dbs-web,text_plain,NT,no
6,IXLWBT,dbs-web,text_plain,NT,no
6,IXLWBT,dbs-web,text_format,NT,no
6,JACWBT,dbs-web,text_plain,NT,no
6,JACWBT,dbs-web,text_format,NT,no
6,JAEYHB,dbs-web,text_format,NTPOTP,no
6,JAEYHB,dbs-web,text_plain,NTPOTP,no
6,JICWBT,dbs-web,text_plain,NT,no
6,JICWBT,dbs-web,text_format,NT,no
7,JITBSTN1DA,dbp-prod,audio,NT,no
7,JITBSTN1DA,dbp-prod,audio,NT,no
7,JITBSTN1DA16,dbp-prod,audio,NT,no
7,JITBSTN1DA16,dbp-prod,audio,NT,no
7,JITBSTN2DA,dbp-prod,audio_drama,NT,no
7,JITBSTN2DA,dbp-prod,audio_drama,NT,no
7,JITBSTN2DA16,dbp-prod,audio_drama,NT,no
7,JITBSTN2DA16,dbp-prod,audio_drama,NT,no
6,JIVAIE,dbs-web,text_format,NT,no
6,JIVAIE,dbs-web,text_plain,NT,no
7,JPNCFBP1DV,dbp-vid,video_stream,NTP,no
7,JPNCFBP1DV,dbp-vid,video_stream,NTP,no
2,JPNCJV,dbp-prod,text_plain,C,no
6,JPNN65,dbs-web,text_format,NT,no
6,JPNN65,dbs-web,text_plain,NT,no
6,JVNTBL,dbs-web,text_format,NT,no
6,JVNTBL,dbs-web,text_plain,NT,no
6,KAAIBT,dbs-web,text_format,NTOTP,no
6,KAAIBT,dbs-web,text_plain,NT,no
6,KANERV,dbs-web,text_plain,C,no
6,KANERV,dbs-web,text_format,C,no
6,KANOKV,dbs-web,text_plain,NTP,no
6,KANOKV,dbs-web,text_format,NTP,no
7,KAOABMP2DV,dbp-vid,video_stream,NTP,no
7,KAOABMP2DV,dbp-vid,video_stream,NTP,no
6,KAPIBT,dbs-web,text_format,OTP,no
6,KAPIBT,dbs-web,text_plain,OTP,no
6,KAQWBT,dbs-web,text_plain,NT,no
6,KAQWBT,dbs-web,text_format,NT,no
7,KASBSIN2DA,dbp-prod,audio_drama,NT,no
7,KASBSIN2DA,dbp-prod,audio_drama,NT,no
6,KATIBT,dbs-web,text_format,NT,no
6,KATIBT,dbs-web,text_plain,NT,no
7,KAZKAZP2DV,dbp-vid,video_stream,NTP,no
7,KAZKAZP2DV,dbp-vid,video_stream,NTP,no
6,KBCWBT,dbs-web,text_plain,NT,no
6,KBCWBT,dbs-web,text_format,NT,no
6,KBDIBT,dbs-web,text_plain,NTPOTP,no
6,KBDIBT,dbs-web,text_format,NTPOTP,no
6,KBHWBT,dbs-web,text_format,NT,no
6,KBHWBT,dbs-web,text_plain,NT,no
6,KBMTBL,dbs-web,text_format,NT,no
6,KBMTBL,dbs-web,text_plain,NT,no
6,KBQWBT,dbs-web,text_plain,NTOTP,no
6,KBQWBT,dbs-web,text_format,NTOTP,no
6,KDCPBT,dbs-web,text_format,NT,no
6,KDCPBT,dbs-web,text_plain,NT,no
6,KDEMNT,dbs-web,text_plain,NT,no
6,KDEMNT,dbs-web,text_format,NT,no
6,KDLWBT,dbs-web,text_plain,NT,no
6,KDLWBT,dbs-web,text_format,NT,no
6,KEKIBS,dbs-web,text_format,NT,no
6,KEKIBS,dbs-web,text_plain,NT,no
6,KENWBT,dbs-web,text_format,NT,no
6,KENWBT,dbs-web,text_plain,NT,no
6,KEWPNG,dbs-web,text_plain,NTOTP,no
6,KEWPNG,dbs-web,text_format,NTOTP,no
6,KFSOBB,dbs-web,text_plain,NT,no
6,KFSOBB,dbs-web,text_format,NT,no
6,KFXOKB,dbs-web,text_format,NT,no
6,KFXOKB,dbs-web,text_plain,NT,no
6,KFXOOS,dbs-web,text_plain,NT,no
6,KFXOOS,dbs-web,text_format,NT,no
6,KGFGBT,dbs-web,text_plain,NTOTP,no
6,KGFGBT,dbs-web,text_format,NTOTP,no
6,KGKWBT,dbs-web,text_plain,NT,no
6,KGKWBT,dbs-web,text_format,NT,no
6,KGPWBT,dbs-web,text_format,NT,no
6,KGPWBT,dbs-web,text_plain,NT,no
7,KHABSIN2DA,dbp-prod,audio_drama,NT,no
7,KHABSIN2DA,dbp-prod,audio_drama,NT,no
6,KHZPNG,dbs-web,text_plain,NT,no
6,KHZPNG,dbs-web,text_format,NT,no
7,KIRBSKP2DV,dbp-vid,video_stream,NTP,no
7,KIRBSKP2DV,dbp-vid,video_stream,NTP,no
6,KIRIBT,dbs-web,text_plain,NTOTP,no
6,KIRIBT,dbs-web,text_format,NTOTP,no
6,KJEKNT,dbs-web,text_format,NT,no
6,KJEKNT,dbs-web,text_plain,NT,no
7,KJHARV,dbp-prod,text_plain,NT,no
7,KJHARV,dbp-prod,text_plain,NT,no
7,KJHARVP1DA,dbp-prod,audio,NTP,no
7,KJHARVP1DA,dbp-prod,audio,NTP,no
6,KJHIBT,dbs-web,text_plain,NT,no
6,KJHIBT,dbs-web,text_format,NT,no
7,KJHIBTP2DV,dbp-vid,video_stream,NTP,no
7,KJHIBTP2DV,dbp-vid,video_stream,NTP,no
7,KJSWBT,dbp-prod,text_plain,NT,no
7,KJSWBT,dbp-prod,text_plain,NT,no
6,KJSWBT,dbs-web,text_format,NT,no
6,KJSWBT,dbs-web,text_plain,NT,no
6,KKCWBT,dbs-web,text_plain,NTP,no
6,KKCWBT,dbs-web,text_format,NTP,no
6,KKLWBT,dbs-web,text_plain,NTPOTP,no
6,KKLWBT,dbs-web,text_format,NTPOTP,no
7,KLNUBSN1DA,dbp-prod,audio,NT,no
7,KLNUBSN1DA,dbp-prod,audio,NT,no
6,KLTHBP,dbs-web,text_plain,NTPOTP,no
6,KLTHBP,dbs-web,text_format,NTPOTP,no
6,KLVWBT,dbs-web,text_format,NT,no
6,KLVWBT,dbs-web,text_plain,NT,no
6,KMGPNT,dbs-web,text_format,NTP,no
6,KMGPNT,dbs-web,text_plain,NTP,no
7,KMHHOVN1DA,dbp-prod,audio,NT,no
7,KMHHOVN1DA,dbp-prod,audio,NT,no
6,KMHMKB,dbs-web,text_format,NT,no
6,KMHMKB,dbs-web,text_plain,NT,no
6,KMHWBT,dbs-web,text_format,NT,no
6,KMHWBT,dbs-web,text_plain,NT,no
6,KMKWBT,dbs-web,text_format,NT,no
6,KMKWBT,dbs-web,text_plain,NT,no
6,KMOWBT,dbs-web,text_plain,NT,no
6,KMOWBT,dbs-web,text_format,NT,no
6,KMRIBL,dbs-web,text_plain,NT,no
6,KMRIBL,dbs-web,text_format,NT,no
6,KMSPNG,dbs-web,text_plain,NT,no
6,KMSPNG,dbs-web,text_format,NT,no
6,KMUWBT,dbs-web,text_plain,NT,no
6,KMUWBT,dbs-web,text_format,NT,no
6,KNEWBTC,dbs-web,text_plain,NTPOTP,no
6,KNEWBTC,dbs-web,text_format,NTPOTP,no
6,KNFWBT,dbs-web,text_plain,NTOTP,no
6,KNFWBT,dbs-web,text_format,NTOTP,no
6,KNJWBT,dbs-web,text_format,NT,no
6,KNJWBT,dbs-web,text_plain,NT,no
7,KNNKOVN2DA,dbp-prod,audio_drama,NT,no
7,KNNKOVN2DA,dbp-prod,audio_drama,NT,no
6,KNVARA,dbs-web,text_format,NT,no
6,KNVARA,dbs-web,text_plain,NT,no
6,KNVPNG,dbs-web,text_plain,NT,no
6,KNVPNG,dbs-web,text_format,NT,no
6,KORERV,dbs-web,text_plain,NT,no
6,KORERV,dbs-web,text_format,NT,no
2,KORKBV,dbp-prod,text_plain,OTNTP,no
2,KORSYS,dbs-web,text_format,C,no
2,KORSYS,dbs-web,text_plain,C,no
6,KPFPNG,dbs-web,text_plain,NT,no
6,KPFPNG,dbs-web,text_format,NT,no
6,KPGKPT,dbs-web,text_format,C,no
6,KPGKPT,dbs-web,text_plain,C,no
6,KPJWBT,dbs-web,text_plain,NT,no
6,KPJWBT,dbs-web,text_format,NT,no
6,KPRTBL,dbs-web,text_format,NT,no
6,KPRTBL,dbs-web,text_plain,NT,no
6,KPWPNG,dbs-web,text_plain,NT,no
6,KPWPNG,dbs-web,text_format,NT,no
6,KPXTBL,dbs-web,text_plain,NT,no
6,KPXTBL,dbs-web,text_format,NT,no
6,KQCWBT,dbs-web,text_format,NTOTP,no
6,KQCWBT,dbs-web,text_plain,NTPOTP,no
6,KQFWBT,dbs-web,text_plain,NTP,no
6,KQFWBT,dbs-web,text_format,OTP,no
6,KQWWIN,dbs-web,text_plain,NTP,no
6,KQWWIN,dbs-web,text_format,NTP,no
6,KSDPNG,dbs-web,text_format,C,no
6,KSDPNG,dbs-web,text_plain,C,no
6,KSRPNG,dbs-web,text_format,NTOTP,no
6,KSRPNG,dbs-web,text_plain,NT,no
6,KTMWBT,dbs-web,text_format,NTPOTP,no
6,KTMWBT,dbs-web,text_plain,NTPOTP,no
6,KTOPNG,dbs-web,text_plain,NT,no
6,KTOPNG,dbs-web,text_format,NT,no
6,KUDPNG,dbs-web,text_plain,NT,no
6,KUDPNG,dbs-web,text_format,NT,no
6,KUEPNG,dbs-web,text_plain,NT,no
6,KUEPNG,dbs-web,text_format,NT,no
6,KUMIBT,dbs-web,text_format,NTPOTP,no
6,KUMIBT,dbs-web,text_plain,OTP,no
7,KUMIBTP2DV,dbp-vid,video_stream,NTP,no
7,KUMIBTP2DV,dbp-vid,video_stream,NTP,no
6,KUPTBL,dbs-web,text_plain,NT,no
6,KUPTBL,dbs-web,text_format,NT,no
6,KURIBC,dbs-web,text_plain,NT,no
6,KURIBC,dbs-web,text_format,NT,no
6,KVNWBT,dbs-web,text_plain,NT,no
6,KVNWBT,dbs-web,text_format,NT,no
6,KWDWBT,dbs-web,text_plain,NT,no
6,KWDWBT,dbs-web,text_format,NT,no
6,KWIWBT,dbs-web,text_plain,NT,no
6,KWIWBT,dbs-web,text_format,NT,no
6,KWJWBT,dbs-web,text_plain,NT,no
6,KWJWBT,dbs-web,text_format,NT,no
7,KXUBSIN2DA,dbp-prod,audio_drama,NT,no
7,KXUBSIN2DA,dbp-prod,audio_drama,NT,no
7,KXUBSIN2DA16,dbp-prod,audio_drama,NT,no
7,KXUBSIN2DA16,dbp-prod,audio_drama,NT,no
6,KYCPNG,dbs-web,text_plain,NT,no
6,KYCPNG,dbs-web,text_format,NTOTP,no
6,KYFWBT,dbs-web,text_format,NT,no
6,KYFWBT,dbs-web,text_plain,NT,no
6,KYGTBL,dbs-web,text_format,NTOTP,no
6,KYGTBL,dbs-web,text_plain,NTOTP,no
6,KYQWBT,dbs-web,text_plain,NT,no
6,KYQWBT,dbs-web,text_format,NT,no
6,KYZWBT,dbs-web,text_plain,NT,no
6,KYZWBT,dbs-web,text_format,NT,no
6,KZEWBT,dbs-web,text_plain,NT,no
6,KZEWBT,dbs-web,text_format,NT,no
6,LACTBL,dbs-web,text_plain,NT,no
6,LACTBL,dbs-web,text_format,NT,no
2,LATCLV,dbs-web,text_plain,C,no
2,LATCLV,dbs-web,text_format,C,no
6,LBBWBT,dbs-web,text_plain,NTP,no
6,LBBWBT,dbs-web,text_format,NTP,no
6,LBKWBT,dbs-web,text_plain,NTOTP,no
6,LBKWBT,dbs-web,text_format,NTOTP,no
6,LCMPNG,dbs-web,text_format,NTOTP,no
6,LCMPNG,dbs-web,text_plain,NTOTP,no
7,LDIBSC,dbp-prod,text_plain,NT,no
7,LDIBSC,dbp-prod,text_plain,NT,no
7,LDIBSC,dbp-prod,text_format,NT,no
7,LDIBSC,dbp-prod,text_format,NT,no
6,LEUPNG,dbs-web,text_plain,NT,no
6,LEUPNG,dbs-web,text_format,NT,no
6,LEXWBT,dbs-web,text_format,NTOTP,no
6,LEXWBT,dbs-web,text_plain,NT,no
7,LGGBSUP2DV,dbp-vid,video_stream,NTP,no
7,LGGBSUP2DV,dbp-vid,video_stream,NTP,no
6,LIDWBT,dbs-web,text_plain,NT,no
6,LIDWBT,dbs-web,text_format,NTOTP,no
6,LIFDEV,dbs-web,text_plain,NT,no
6,LIFDEV,dbs-web,text_format,NT,no
6,LIFWBT,dbs-web,text_format,NT,no
6,LIFWBT,dbs-web,text_plain,NT,no
6,LLGUBB,dbs-web,text_plain,NTOTP,no
6,LLGUBB,dbs-web,text_format,NTOTP,no
7,LMNBSIN2DA,dbp-prod,audio_drama,NT,no
7,LMNBSIN2DA,dbp-prod,audio_drama,NT,no
7,LMNBSIN2DA16,dbp-prod,audio_drama,NT,no
7,LMNBSIN2DA16,dbp-prod,audio_drama,NT,no
7,LOELAI,dbp-prod,text_plain,NT,no
7,LOELAI,dbp-prod,text_plain,NT,no
7,LUGBSUP2DV,dbp-vid,video_stream,NTP,no
7,LUGBSUP2DV,dbp-vid,video_stream,NTP,no
7,LUOPRMN1DA,dbp-prod,audio,NT,no
7,LUOPRMN1DA,dbp-prod,audio,NT,no
7,LUSBSIN2DA,dbp-prod,audio_drama,NT,no
7,LUSBSIN2DA,dbp-prod,audio_drama,NT,no
6,MAASJV,dbs-web,text_plain,NT,no
6,MAASJV,dbs-web,text_format,NT,no
7,MAGSTYS1DA,dbp-prod,audio,S,no
7,MAGSTYS1DA,dbp-prod,audio,S,no
7,MAISTYS1DA,dbp-prod,audio,S,no
7,MAISTYS1DA,dbp-prod,audio,S,no
6,MAJBTT,dbs-web,text_plain,NT,no
6,MAJBTT,dbs-web,text_format,NT,no
7,MALBIBP2DV,dbp-vid,video_stream,NTP,no
7,MALBIBP2DV,dbp-vid,video_stream,NTP,no
6,MALOMB,dbs-web,text_format,NT,no
6,MALOMB,dbs-web,text_plain,NT,no
6,MALTBK,dbs-web,text_format,C,no
6,MALTBK,dbs-web,text_plain,C,no
6,MAMCOM,dbs-web,text_plain,NT,no
6,MAMCOM,dbs-web,text_format,NT,no
6,MAMSBG,dbs-web,text_format,NT,no
6,MAMSBG,dbs-web,text_plain,C,no
6,MAQTBL,dbs-web,text_plain,NT,no
6,MAQTBL,dbs-web,text_format,NT,no
6,MARERV,dbs-web,text_plain,C,no
6,MARERV,dbs-web,text_format,C,no
6,MAROMB,dbs-web,text_plain,NTP,no
6,MAROMB,dbs-web,text_format,NTP,no
7,MARRVVN2DA,dbp-prod,audio_drama,NT,no
7,MARRVVN2DA,dbp-prod,audio_drama,NT,no
6,MAUWBT,dbs-web,text_plain,NT,no
6,MAUWBT,dbs-web,text_format,NT,no
6,MAVWBT,dbs-web,text_plain,NT,no
6,MAVWBT,dbs-web,text_format,NT,no
6,MAZTBL,dbs-web,text_format,NT,no
6,MAZTBL,dbs-web,text_plain,NT,no
6,MBBWPS,dbs-web,text_plain,NT,no
6,MBBWPS,dbs-web,text_format,OT,no
6,MBCWBT,dbs-web,text_format,NT,no
6,MBCWBT,dbs-web,text_plain,NT,no
6,MBHTBL,dbs-web,text_plain,NT,no
6,MBHTBL,dbs-web,text_format,NT,no
6,MBJWBT,dbs-web,text_plain,NT,no
6,MBJWBT,dbs-web,text_format,NT,no
6,MBLWBT,dbs-web,text_plain,NT,no
6,MBLWBT,dbs-web,text_format,NT,no
6,MBSWBT,dbs-web,text_format,NTOTP,no
6,MBSWBT,dbs-web,text_plain,NTOTP,no
6,MBTWBT,dbs-web,text_format,NT,no
6,MBTWBT,dbs-web,text_plain,NT,no
6,MCAWBT,dbs-web,text_plain,NT,no
6,MCAWBT,dbs-web,text_format,NT,no
6,MCBWBT,dbs-web,text_plain,NT,no
6,MCBWBT,dbs-web,text_format,NT,no
6,MCDWBT,dbs-web,text_plain,NT,no
6,MCDWBT,dbs-web,text_format,NT,no
6,MCFWBT,dbs-web,text_format,NT,no
6,MCFWBT,dbs-web,text_plain,NT,no
6,MCOTBL,dbs-web,text_plain,NT,no
6,MCOTBL,dbs-web,text_format,NT,no
6,MCPWBT,dbs-web,text_format,NT,no
6,MCPWBT,dbs-web,text_plain,NT,no
6,MCQSPP,dbs-web,text_plain,NT,no
6,MCQSPP,dbs-web,text_format,NT,no
7,MDMWYI,dbp-prod,text_plain,NT,no
7,MDMWYI,dbp-prod,text_plain,NT,no
7,ME1PNGN1DA,dbp-prod,audio,NT,no
7,ME1PNGN1DA,dbp-prod,audio,NT,no
7,ME1PNGN1DA16,dbp-prod,audio,NT,no
7,ME1PNGN1DA16,dbp-prod,audio,NT,no
7,ME1PNGN2DA,dbp-prod,audio_drama,NT,no
7,ME1PNGN2DA,dbp-prod,audio_drama,NT,no
7,ME1PNGP2DV,dbp-vid,video_stream,NTP,no
7,ME1PNGP2DV,dbp-vid,video_stream,NTP,no
6,MEDPNG,dbs-web,text_format,NT,no
6,MEDPNG,dbs-web,text_plain,NT,no
6,MEETBL,dbs-web,text_plain,NT,no
6,MEETBL,dbs-web,text_format,NT,no
7,MEHTBL,dbp-prod,text_plain,NTP,no
7,MEHTBL,dbp-prod,text_plain,NTP,no
6,MEKPNG,dbs-web,text_format,NT,no
6,MEKPNG,dbs-web,text_plain,NT,no
6,MEQWBT,dbs-web,text_plain,NT,no
6,MEQWBT,dbs-web,text_format,NT,no
7,MERUBS,dbp-prod,text_plain,NTPOTP,no
7,MERUBS,dbp-prod,text_plain,NTPOTP,no
7,MERUBS,dbp-prod,text_format,NTPOTP,no
7,MERUBS,dbp-prod,text_format,NTPOTP,no
6,MEUPNG,dbs-web,text_plain,C,no
6,MEUPNG,dbs-web,text_format,C,no
6,MGHWBT,dbs-web,text_plain,NTPOTP,no
6,MGHWBT,dbs-web,text_format,NTPOTP,no
7,MHIBSUP2DV,dbp-vid,video_stream,NTP,no
7,MHIBSUP2DV,dbp-vid,video_stream,NTP,no
6,MHLPNG,dbs-web,text_format,NT,no
6,MHLPNG,dbs-web,text_plain,NT,no
6,MIBWBT,dbs-web,text_format,NT,no
6,MIBWBT,dbs-web,text_plain,NT,no
6,MICCBS,dbs-web,text_plain,NT,no
6,MICCBS,dbs-web,text_format,NT,no
6,MIETBL,dbs-web,text_plain,NT,no
6,MIETBL,dbs-web,text_format,NT,no
6,MIGWBT,dbs-web,text_format,NT,no
6,MIGWBT,dbs-web,text_plain,NT,no
6,MIHWBT,dbs-web,text_format,NT,no
6,MIHWBT,dbs-web,text_plain,NT,no
6,MILTBL,dbs-web,text_format,NT,no
6,MILTBL,dbs-web,text_plain,NT,no
6,MIOWBT,dbs-web,text_plain,NT,no
6,MIOWBT,dbs-web,text_format,NT,no
6,MIRTBL,dbs-web,text_plain,NT,no
6,MIRTBL,dbs-web,text_format,NT,no
6,MITTBL,dbs-web,text_format,NT,no
6,MITTBL,dbs-web,text_plain,NT,no
6,MIZTBL,dbs-web,text_plain,NT,no
6,MIZTBL,dbs-web,text_format,NT,no
6,MJCWBT,dbs-web,text_format,NT,no
6,MJCWBT,dbs-web,text_plain,NT,no
6,MJLOMB,dbs-web,text_format,NT,no
6,MJLOMB,dbs-web,text_plain,NT,no
7,MJTBSIN2DA,dbp-prod,audio_drama,NT,no
7,MJTBSIN2DA,dbp-prod,audio_drama,NT,no
6,MKLSIM,dbs-web,text_plain,NT,no
6,MKLSIM,dbs-web,text_format,NT,no
6,MKNUBB,dbs-web,text_format,NTOTP,no
6,MKNUBB,dbs-web,text_plain,NTOTP,no
6,MKSTBL,dbs-web,text_format,NT,no
6,MKSTBL,dbs-web,text_plain,NT,no
7,MKWABC,dbp-prod,text_plain,NT,no
7,MKWABC,dbp-prod,text_plain,NT,no
7,MKWABC,dbp-prod,text_format,NT,no
7,MKWABC,dbp-prod,text_format,NT,no
7,MKWIBSP1DA,dbp-prod,audio,NTP,no
7,MKWIBSP1DA,dbp-prod,audio,NTP,no
6,MLHPNG,dbs-web,text_plain,NT,no
6,MLHPNG,dbs-web,text_format,NT,no
6,MLPTBL,dbs-web,text_plain,NT,no
6,MLPTBL,dbs-web,text_format,NT,no
6,MMOWBT,dbs-web,text_plain,NT,no
6,MMXTBL,dbs-web,text_plain,NTOTP,no
6,MMXTBL,dbs-web,text_format,NTOTP,no
6,MNAPNG,dbs-web,text_plain,NTP,no
6,MNAPNG,dbs-web,text_format,NTOTP,no
7,MNFCABN2DA,dbp-prod,audio_drama,NT,no
7,MNFCABN2DA,dbp-prod,audio_drama,NT,no
7,MNFCABN2DA16,dbp-prod,audio_drama,NT,no
7,MNFCABN2DA16,dbp-prod,audio_drama,NT,no
7,MNKBSGP2DV,dbp-vid,video_stream,NTP,no
7,MNKBSGP2DV,dbp-vid,video_stream,NTP,no
7,MNRBSIN2DA,dbp-prod,audio_drama,NT,no
7,MNRBSIN2DA,dbp-prod,audio_drama,NT,no
6,MOPWBT,dbs-web,text_plain,NT,no
6,MOPWBT,dbs-web,text_format,NT,no
6,MOXFNS,dbs-web,text_format,NT,no
6,MOXFNS,dbs-web,text_plain,NT,no
7,MPMBTT,dbp-prod,text_plain,NT,no
7,MPMBTT,dbp-prod,text_plain,NT,no
7,MPMBTTP1DA,dbp-prod,audio,NTP,no
7,MPMBTTP1DA,dbp-prod,audio,NTP,no
6,MPMTBL,dbs-web,text_plain,NT,no
6,MPMTBL,dbs-web,text_format,NT,no
6,MPPWBT,dbs-web,text_plain,NTPOTP,no
6,MPPWBT,dbs-web,text_format,NTPOTP,no
6,MPSTBL,dbs-web,text_format,C,no
6,MPSTBL,dbs-web,text_plain,C,no
6,MPTTBL,dbs-web,text_format,NT,no
6,MPTTBL,dbs-web,text_plain,NT,no
6,MPXPNG,dbs-web,text_plain,NTOTP,no
6,MPXPNG,dbs-web,text_format,NTOTP,no
6,MQBWBT,dbs-web,text_plain,NT,no
6,MQBWBT,dbs-web,text_format,NT,no
6,MQJWBT,dbs-web,text_plain,NT,no
6,MQJWBT,dbs-web,text_format,NT,no
2,MRWNVS,dbp-prod,text_plain,C,no
2,MRWNVS,dbp-prod,text_format,C,no
6,MSBWBT,dbs-web,text_format,NT,no
6,MSBWBT,dbs-web,text_plain,NT,no
6,MSCPBT,dbs-web,text_format,NTPOTP,no
6,MSCPBT,dbs-web,text_plain,NTPOTP,no
6,MSKWBT,dbs-web,text_plain,NT,no
6,MSKWBT,dbs-web,text_format,NT,no
6,MSMWPS,dbs-web,text_format,NT,no
6,MSMWPS,dbs-web,text_plain,NT,no
6,MSYPNG,dbs-web,text_format,NT,no
6,MSYPNG,dbs-web,text_plain,NT,no
6,MTITBL,dbs-web,text_format,NT,no
6,MTITBL,dbs-web,text_plain,NT,no
6,MTOWBT,dbs-web,text_plain,NT,no
6,MTOWBT,dbs-web,text_format,NT,no
7,MUAABCP2DV,dbp-vid,video_stream,NTP,no
7,MUAABCP2DV,dbp-vid,video_stream,NTP,no
7,MUWBSIN2DA,dbp-prod,audio_drama,NT,no
7,MUWBSIN2DA,dbp-prod,audio_drama,NT,no
6,MUXTBL,dbs-web,text_plain,NT,no
6,MUXTBL,dbs-web,text_format,NT,no
6,MUYWBT,dbs-web,text_format,NT,no
6,MUYWBT,dbs-web,text_plain,NT,no
6,MVAPNG,dbs-web,text_plain,NT,no
6,MVAPNG,dbs-web,text_format,NT,no
6,MWCWBT,dbs-web,text_plain,NTP,no
6,MWCWBT,dbs-web,text_format,NTP,no
7,MWWHDVC2DA,dbp-prod,audio_drama,C,no
7,MWWHDVC2DA,dbp-prod,audio_drama,C,no
7,MWWHDVO2DA,dbp-prod,audio_drama,OT,no
7,MWWHDVO2DA,dbp-prod,audio_drama,OT,no
6,MXBMVR,dbs-web,text_format,NT,no
6,MXBMVR,dbs-web,text_plain,NT,no
6,MXPWBT,dbs-web,text_plain,NT,no
6,MXPWBT,dbs-web,text_format,NT,no
6,MXQTBL,dbs-web,text_plain,NT,no
6,MXQTBL,dbs-web,text_format,NT,no
6,MXTTBL,dbs-web,text_format,NT,no
6,MXTTBL,dbs-web,text_plain,NT,no
2,MYAOJV,dbp-prod,text_plain,NT,no
2,MYAOJV,dbp-prod,text_format,NT,no
7,MYEBSGN1DA,dbp-prod,audio,NT,no
7,MYEBSGN1DA,dbp-prod,audio,NT,no
7,MYEBSGN1DA16,dbp-prod,audio,NT,no
7,MYEBSGN1DA16,dbp-prod,audio,NT,no
7,MYEBSGN2DA,dbp-prod,audio_drama,NT,no
7,MYEBSGN2DA,dbp-prod,audio_drama,NT,no
7,MYEBSGN2DA16,dbp-prod,audio_drama,NT,no
7,MYEBSGN2DA16,dbp-prod,audio_drama,NT,no
6,MYKWBT,dbs-web,text_format,NTOTP,no
6,MYKWBT,dbs-web,text_plain,NT,no
6,MYUWBT,dbs-web,text_plain,NT,no
6,MYUWBT,dbs-web,text_format,NT,no
7,MYVIBTP2DV,dbp-vid,video_stream,NTP,no
7,MYVIBTP2DV,dbp-vid,video_stream,NTP,no
6,MYWPNG,dbs-web,text_plain,NT,no
6,MYWPNG,dbs-web,text_format,NT,no
6,MYYWBT,dbs-web,text_plain,NT,no
6,MYYWBT,dbs-web,text_format,NT,no
7,MZJSIM,dbp-prod,text_plain,NTPOTP,no
7,MZJSIM,dbp-prod,text_plain,NTPOTP,no
7,MZJSIM,dbp-prod,text_format,NTPOTP,no
7,MZJSIM,dbp-prod,text_format,NTPOTP,no
6,MZZWBT,dbs-web,text_plain,NTP,no
6,MZZWBT,dbs-web,text_format,NTP,no
6,NABWBT,dbs-web,text_format,NT,no
6,NABWBT,dbs-web,text_plain,NT,no
6,NAFTBL,dbs-web,text_plain,NT,no
6,NAFTBL,dbs-web,text_format,NT,no
7,NAHNVS,dbp-prod,text_plain,NT,no
7,NAHNVS,dbp-prod,text_plain,NT,no
7,NAHNVSN1DA,dbp-prod,audio,NT,no
7,NAHNVSN1DA,dbp-prod,audio,NT,no
6,NAKTBL,dbs-web,text_format,NT,no
6,NAKTBL,dbs-web,text_plain,NT,no
6,NASPNG,dbs-web,text_format,NT,no
6,NASPNG,dbs-web,text_plain,NTOTP,no
6,NBQWBT,dbs-web,text_plain,NTP,no
6,NBQWBT,dbs-web,text_format,NTP,no
6,NCAWBT,dbs-web,text_plain,NT,no
6,NCAWBT,dbs-web,text_format,NT,no
6,NCHTBL,dbs-web,text_format,C,no
6,NCHTBL,dbs-web,text_plain,NT,no
6,NCJTBL,dbs-web,text_format,NT,no
6,NCJTBL,dbs-web,text_plain,NT,no
6,NCLTBL,dbs-web,text_plain,NT,no
6,NCLTBL,dbs-web,text_format,NT,no
6,NCUWBT,dbs-web,text_plain,NT,no
6,NCUWBT,dbs-web,text_format,NT,no
6,NEPERV,dbs-web,text_format,C,no
6,NEPERV,dbs-web,text_plain,C,no
6,NFAUBB,dbs-web,text_plain,NTOTP,no
6,NFAUBB,dbs-web,text_format,NTOTP,no
6,NGUTBL,dbs-web,text_plain,NT,no
6,NGUTBL,dbs-web,text_format,NT,no
6,NHETBL,dbs-web,text_format,C,no
6,NHETBL,dbs-web,text_plain,C,no
6,NHEWBT,dbs-web,text_format,NT,no
6,NHEWBT,dbs-web,text_plain,NT,no
6,NHGWBT,dbs-web,text_plain,NT,no
6,NHGWBT,dbs-web,text_format,NT,no
6,NHIWBT,dbs-web,text_plain,NT,no
6,NHIWBT,dbs-web,text_format,NT,no
6,NHOTCT,dbs-web,text_plain,NT,no
6,NHOTCT,dbs-web,text_format,NT,no
6,NHRBSB,dbs-web,text_plain,NT,no
6,NHRBSB,dbs-web,text_format,NT,no
6,NHUWBT,dbs-web,text_format,NT,no
6,NHUWBT,dbs-web,text_plain,NT,no
6,NHWTBL,dbs-web,text_format,C,no
6,NHWTBL,dbs-web,text_plain,NT,no
6,NHYTBL,dbs-web,text_plain,NT,no
6,NHYTBL,dbs-web,text_format,NT,no
6,NIFWBT,dbs-web,text_plain,NTP,no
6,NIFWBT,dbs-web,text_format,NTP,no
6,NIITBL,dbs-web,text_format,NT,no
6,NIITBL,dbs-web,text_plain,NT,no
6,NINWBT,dbs-web,text_format,NT,no
6,NINWBT,dbs-web,text_plain,NT,no
7,NJHCLVN2DA,dbp-prod,audio_drama,NT,no
7,NJHCLVN2DA,dbp-prod,audio_drama,NT,no
7,NJOCLVN2DA,dbp-prod,audio_drama,NT,no
7,NJOCLVN2DA,dbp-prod,audio_drama,NT,no
6,NKOWBT,dbs-web,text_format,NT,no
6,NKOWBT,dbs-web,text_plain,NT,no
2,NLDDSV,dbp-prod,text_plain,C,no
6,NMWSWB,dbs-web,text_plain,NTP,no
6,NMWSWB,dbs-web,text_format,NTP,no
7,NNHABC,dbp-prod,text_plain,NT,no
7,NNHABC,dbp-prod,text_plain,NT,no
6,NOAWBE,dbs-web,text_plain,NT,no
6,NOAWBE,dbs-web,text_format,NT,no
6,NOAWBT,dbs-web,text_format,NT,no
6,NOAWBT,dbs-web,text_plain,NT,no
6,NOGIBT,dbs-web,text_plain,NT,no
6,NOGIBT,dbs-web,text_format,NTOTP,no
6,NOPNTT,dbs-web,text_plain,NTOTP,no
6,NOPNTT,dbs-web,text_format,NTOTP,no
2,NORNBS,dbp-prod,text_plain,C,no
2,NORNBS,dbp-prod,text_format,C,no
6,NOTWBT,dbs-web,text_plain,NT,no
6,NOTWBT,dbs-web,text_format,NT,no
6,NOUTBL,dbs-web,text_plain,NT,no
6,NOUTBL,dbs-web,text_format,NT,no
6,NPLWYI,dbs-web,text_format,NT,no
6,NPLWYI,dbs-web,text_plain,NT,no
7,NSMCLVN2DA,dbp-prod,audio_drama,NT,no
7,NSMCLVN2DA,dbp-prod,audio_drama,NT,no
6,NSNWBT,dbs-web,text_plain,NT,no
6,NSNWBT,dbs-web,text_format,NT,no
7,NSOBSAN2DA,dbp-prod,audio_drama,NT,no
7,NSOBSAN2DA,dbp-prod,audio_drama,NT,no
6,NSSGAN,dbs-web,text_format,NTPOTP,no
6,NSSGAN,dbs-web,text_plain,NTPOTP,no
7,NSUWBTP1DA,dbp-prod,audio,NTP,no
7,NSUWBTP1DA,dbp-prod,audio,NTP,no
6,NTPTBL,dbs-web,text_plain,NT,no
6,NTPTBL,dbs-web,text_format,NT,no
6,NVMWBT,dbs-web,text_plain,NT,no
6,NVMWBT,dbs-web,text_format,NT,no
7,NWIWBT,dbp-prod,text_plain,NT,no
7,NWIWBT,dbp-prod,text_plain,NT,no
6,NWIWBT,dbs-web,text_plain,NT,no
6,NWIWBT,dbs-web,text_format,NT,no
7,NYFBTLP2DV,dbp-vid,video_stream,NTP,no
7,NYFBTLP2DV,dbp-vid,video_stream,NTP,no
7,NYNBSUP2DV,dbp-vid,video_stream,NTP,no
7,NYNBSUP2DV,dbp-vid,video_stream,NTP,no
6,NYUWBT,dbs-web,text_plain,NTPOTP,no
6,NYUWBT,dbs-web,text_format,NTPOTP,no
7,NZEUBSN1DA,dbp-prod,audio,NT,no
7,NZEUBSN1DA,dbp-prod,audio,NT,no
7,NZIBSGP2DV,dbp-vid,video_stream,NTP,no
7,NZIBSGP2DV,dbp-vid,video_stream,NTP,no
6,OBOWBT,dbs-web,text_plain,NT,no
6,OBOWBT,dbs-web,text_format,NT,no
6,OKVWBT,dbs-web,text_format,NT,no
6,OKVWBT,dbs-web,text_plain,NT,no
7,OM1TBL,dbp-prod,text_plain,NT,no
7,OM1TBL,dbp-prod,text_plain,NT,no
6,OMWAAT,dbs-web,text_plain,NTP,no
6,OMWAAT,dbs-web,text_format,NTP,no
6,OMWVEQ,dbs-web,text_plain,NTP,no
6,OMWVEQ,dbs-web,text_format,NTP,no
6,OMWWBT,dbs-web,text_format,NT,no
6,OMWWBT,dbs-web,text_plain,NT,no
7,ONBNVS,dbp-prod,text_plain,NTP,no
7,ONBNVS,dbp-prod,text_plain,NTP,no
7,ONBNVS,dbp-prod,text_format,NTP,no
7,ONBNVS,dbp-prod,text_format,NTP,no
7,ONBNVSP1DA,dbp-prod,audio,NTPOTP,no
7,ONBNVSP1DA,dbp-prod,audio,NTPOTP,no
7,ONBNVSP2DA,dbp-prod,audio_drama,NTPOTP,no
7,ONBNVSP2DA,dbp-prod,audio_drama,NTPOTP,no
6,ONGTBL,dbs-web,text_plain,NT,no
6,ONGTBL,dbs-web,text_format,NT,no
6,ONSONT,dbs-web,text_format,NT,no
6,ONSONT,dbs-web,text_plain,NT,no
6,OODTBL,dbs-web,text_plain,NT,no
6,OODTBL,dbs-web,text_format,NT,no
6,OPMTBL,dbs-web,text_format,NT,no
6,OPMTBL,dbs-web,text_plain,NT,no
6,ORIERV,dbs-web,text_plain,C,no
6,ORIERV,dbs-web,text_format,C,no
6,ORIOOB,dbs-web,text_plain,NTP,no
6,ORIOOB,dbs-web,text_format,NTP,no
7,ORYBSIN2DA,dbp-prod,audio_drama,NT,no
7,ORYBSIN2DA,dbp-prod,audio_drama,NT,no
6,OSSIBT,dbs-web,text_format,NTOTP,no
6,OSSIBT,dbs-web,text_plain,NT,no
7,OTDLAI,dbp-prod,text_format,NT,no
7,OTDLAI,dbp-prod,text_plain,NT,no
7,OTDLAI,dbp-prod,text_plain,NT,no
7,OTDLAI,dbp-prod,text_format,NT,no
6,OTETBL,dbs-web,text_plain,NT,no
6,OTETBL,dbs-web,text_format,NT,no
6,OTMWBT,dbs-web,text_format,NT,no
6,OTMWBT,dbs-web,text_plain,NT,no
6,OTNWBT,dbs-web,text_format,NT,no
6,OTNWBT,dbs-web,text_plain,NT,no
6,OTQTBL,dbs-web,text_plain,NT,no
6,OTQTBL,dbs-web,text_format,NT,no
6,OTSWBT,dbs-web,text_format,NT,no
6,OTSWBT,dbs-web,text_plain,NT,no
6,PABTBL,dbs-web,text_format,NT,no
6,PABTBL,dbs-web,text_plain,NT,no
6,PADWBT,dbs-web,text_plain,NT,no
6,PADWBT,dbs-web,text_format,NT,no
6,PAHTBL,dbs-web,text_plain,NT,no
6,PAHTBL,dbs-web,text_format,NT,no
6,PANERV,dbs-web,text_format,C,no
6,PANERV,dbs-web,text_plain,C,no
7,PANOVVN2DA,dbp-prod,audio_drama,NT,no
7,PANOVVN2DA,dbp-prod,audio_drama,NT,no
7,PANOVVN2DA16,dbp-prod,audio_drama,NT,no
7,PANOVVN2DA16,dbp-prod,audio_drama,NT,no
6,PAONAB,dbs-web,text_format,NT,no
6,PAONAB,dbs-web,text_plain,NT,no
2,PAPTBLN1DA,dbp-prod,audio,NT,no
7,PAUUBSP2DV,dbp-vid,video_stream,NTP,no
7,PAUUBSP2DV,dbp-vid,video_stream,NTP,no
2,PESOPV,dbs-web,text_format,NTOTP,no
2,PESOPV,dbs-web,text_plain,NTOTP,no
6,PIBWBT,dbs-web,text_plain,NT,no
6,PIBWBT,dbs-web,text_format,NT,no
6,PIOWBT,dbs-web,text_plain,NT,no
6,PIOWBT,dbs-web,text_format,NT,no
6,PIRWBT,dbs-web,text_plain,NT,no
6,PIRWBT,dbs-web,text_format,NT,no
7,PKBBTLP2DV,dbp-vid,video_stream,NTP,no
7,PKBBTLP2DV,dbp-vid,video_stream,NTP,no
6,PLSWBT,dbs-web,text_format,NT,no
6,PLSWBT,dbs-web,text_plain,NT,no
6,PLUWBT,dbs-web,text_plain,NT,no
6,PLUWBT,dbs-web,text_format,NT,no
6,PMAWBT,dbs-web,text_format,NTOTP,no
6,PMAWBT,dbs-web,text_plain,NTOTP,no
6,PNBOUB,dbs-web,text_plain,NT,no
6,PNBOUB,dbs-web,text_format,NT,no
6,PNBPOV,dbs-web,text_format,C,no
6,PNBPOV,dbs-web,text_plain,C,no
6,POETBL,dbs-web,text_plain,NT,no
6,POETBL,dbs-web,text_format,NT,no
7,POETBL,dbp-prod,text_plain,NT,no
7,POETBL,dbp-prod,text_plain,NT,no
7,POETBLP1DA,dbp-prod,audio,NTP,no
7,POETBLP1DA,dbp-prod,audio,NTP,no
6,POHBSG,dbs-web,text_format,NT,no
6,POHBSG,dbs-web,text_plain,NT,no
6,POIWBT,dbs-web,text_plain,NT,no
6,POIWBT,dbs-web,text_format,NT,no
2,POLPBG,dbp-prod,text_plain,C,no
7,POLUBG,dbp-prod,text_plain,NT,no
7,POLUBG,dbp-prod,text_plain,NT,no
2,PONPJA,dbs-web,text_format,NTOTP,no
2,PONPJA,dbs-web,text_plain,NTOTP,no
2,PONPSA,dbs-web,text_plain,NTOTP,no
2,PONPSA,dbs-web,text_format,NTOTP,no
6,PONSSP,dbs-web,text_plain,C,no
6,PONSSP,dbs-web,text_format,C,no
6,PORERV,dbs-web,text_format,C,no
6,PORERV,dbs-web,text_plain,C,no
2,PORFAA,dbp-prod,text_plain,C,no
6,POYPNT,dbs-web,text_format,NT,no
6,POYPNT,dbs-web,text_plain,NT,no
6,PPOYKS,dbs-web,text_plain,NT,no
6,PPOYKS,dbs-web,text_format,NT,no
6,PRFWBT,dbs-web,text_plain,NT,no
6,PRFWBT,dbs-web,text_format,NT,no
6,PRIWBT,dbs-web,text_plain,NT,no
6,PRIWBT,dbs-web,text_format,NT,no
7,PSSBIV,dbp-prod,text_plain,NT,no
7,PSSBIV,dbp-prod,text_plain,NT,no
6,PTPWBT,dbs-web,text_format,NT,no
6,PTPWBT,dbs-web,text_plain,NT,no
6,PTULAI,dbs-web,text_plain,NTOTP,no
6,PTULAI,dbs-web,text_format,NTOTP,no
7,PUISMVP2DV,dbp-vid,video_stream,NTP,no
7,PUISMVP2DV,dbp-vid,video_stream,NTP,no
7,PUUBSGN1DA,dbp-prod,audio,NT,no
7,PUUBSGN1DA,dbp-prod,audio,NT,no
7,PUUBSGN1DA16,dbp-prod,audio,NT,no
7,PUUBSGN1DA16,dbp-prod,audio,NT,no
7,PUUBSGN2DA,dbp-prod,audio_drama,NT,no
7,PUUBSGN2DA,dbp-prod,audio_drama,NT,no
7,PUUBSGN2DA16,dbp-prod,audio_drama,NT,no
7,PUUBSGN2DA16,dbp-prod,audio_drama,NT,no
6,PWGWBT,dbs-web,text_format,NT,no
6,PWGWBT,dbs-web,text_plain,NT,no
6,QUBPBS,dbs-web,text_format,C,no
6,QUBPBS,dbs-web,text_plain,NT,no
6,QUCWBT,dbs-web,text_format,NT,no
6,QUCWBT,dbs-web,text_plain,NT,no
6,QUCXIBS,dbs-web,text_format,NT,no
6,QUCXIBS,dbs-web,text_plain,NT,no
6,QUFLLB,dbs-web,text_plain,NT,no
6,QUFLLB,dbs-web,text_format,NT,no
6,QUHSBB,dbs-web,text_plain,C,no
6,QUHSBB,dbs-web,text_format,NT,no
6,QULSBB,dbs-web,text_plain,NT,no
6,QULSBB,dbs-web,text_format,NT,no
6,QUPTBL,dbs-web,text_plain,NT,no
6,QUPTBL,dbs-web,text_format,NT,no
2,QUWHLE,dbp-prod,text_plain,NT,yes
6,QVCTBL,dbs-web,text_format,NT,no
6,QVCTBL,dbs-web,text_plain,NT,no
6,QVETBL,dbs-web,text_plain,NT,no
6,QVETBL,dbs-web,text_format,NT,no
6,QVHLLB,dbs-web,text_format,NT,no
6,QVHLLB,dbs-web,text_plain,NT,no
6,QVMTBL,dbs-web,text_format,NT,no
6,QVMTBL,dbs-web,text_plain,NT,no
6,QVNLLB,dbs-web,text_format,NT,no
6,QVNLLB,dbs-web,text_plain,NT,no
6,QVSTBL,dbs-web,text_format,NT,no
6,QVSTBL,dbs-web,text_plain,NT,no
6,QVWTBL,dbs-web,text_format,NT,no
6,QVWTBL,dbs-web,text_plain,NT,no
6,QVZWBT,dbs-web,text_plain,NT,no
6,QVZWBT,dbs-web,text_format,NT,no
6,QWHLLB,dbs-web,text_format,NT,no
6,QWHLLB,dbs-web,text_plain,NT,no
6,QXHWBT,dbs-web,text_plain,NT,no
6,QXHWBT,dbs-web,text_format,NT,no
7,QXLQSVP2DV,dbp-vid,video_stream,NTP,no
7,QXLQSVP2DV,dbp-vid,video_stream,NTP,no
6,QXNWBT,dbs-web,text_plain,NT,no
6,QXNWBT,dbs-web,text_format,NT,no
6,QXOLLB,dbs-web,text_plain,NT,no
6,QXOLLB,dbs-web,text_format,NT,no
6,RAITBL,dbs-web,text_plain,NT,no
6,RAITBL,dbs-web,text_format,NT,no
6,RGUUBB,dbs-web,text_plain,NTPOTP,no
6,RGUUBB,dbs-web,text_format,NTPOTP,no
6,RKBWBT,dbs-web,text_plain,NT,no
6,RKBWBT,dbs-web,text_format,NT,no
6,RMQLUK,dbs-web,text_plain,NTP,no
7,RONC28,dbp-prod,text_plain,C,no
7,RONC28,dbp-prod,text_plain,C,no
6,RONERV,dbs-web,text_plain,NTP,no
6,RONERV,dbs-web,text_format,NTP,no
7,RONROB,dbp-prod,text_plain,C,no
7,RONROB,dbp-prod,text_plain,C,no
6,ROOWBT,dbs-web,text_format,NT,no
6,ROOWBT,dbs-web,text_plain,NT,no
6,ROWUBB,dbs-web,text_format,NTOTP,no
6,ROWUBB,dbs-web,text_plain,NTOTP,no
6,RROPNG,dbs-web,text_format,NT,no
6,RROPNG,dbs-web,text_plain,NT,no
7,RUAICG,dbp-prod,text_format,NTP,no
7,RUAICG,dbp-prod,text_format,NTP,no
7,RUAICG,dbp-prod,text_plain,NTP,no
7,RUAICG,dbp-prod,text_plain,NTP,no
6,RUFPWW,dbs-web,text_plain,NT,no
6,RUFPWW,dbs-web,text_format,NT,no
7,RUSBIBN1DA,dbp-prod,audio,NT,no
7,RUSBIBN1DA,dbp-prod,audio,NT,no
7,RUSBIBN1DA16,dbp-prod,audio,NT,no
7,RUSBIBN1DA16,dbp-prod,audio,NT,no
6,RUSERV,dbs-web,text_plain,C,no
6,RUSERV,dbs-web,text_format,C,no
7,RUSIBSP2DV,dbp-vid,video_stream,NTP,no
7,RUSIBSP2DV,dbp-vid,video_stream,NTP,no
2,RUSS76,dbs-web,text_plain,C,no
2,RUSS76,dbp-prod,text_plain,C,no
2,RUSS76,dbs-web,text_format,C,no
7,RUSSVR,dbp-prod,text_plain,NT,no
7,RUSSVR,dbp-prod,text_plain,NT,no
7,RUSSVRN1DA,dbp-prod,audio,NT,no
7,RUSSVRN1DA,dbp-prod,audio,NT,no
6,RWOKAR,dbs-web,text_format,NT,no
6,RWOKAR,dbs-web,text_plain,NT,no
6,RWOWBT,dbs-web,text_format,NTP,no
6,RWOWBT,dbs-web,text_plain,NT,no
6,SABWBT,dbs-web,text_plain,NT,no
6,SABWBT,dbs-web,text_format,NT,no
7,SACWBTP2DA,dbp-prod,audio_drama,NTPOTP,no
7,SACWBTP2DA,dbp-prod,audio_drama,NTPOTP,no
6,SAHIBT,dbs-web,text_format,NT,no
6,SAHIBT,dbs-web,text_plain,NT,no
7,SATBSIN2DA,dbp-prod,audio_drama,NT,no
7,SATBSIN2DA,dbp-prod,audio_drama,NT,no
6,SBEWBT,dbs-web,text_plain,NTP,no
6,SBEWBT,dbs-web,text_format,NTP,no
6,SEHWBT,dbs-web,text_format,NTP,no
6,SEHWBT,dbs-web,text_plain,NTP,no
6,SEYWBT,dbs-web,text_format,NT,no
6,SEYWBT,dbs-web,text_plain,NT,no
6,SGBTBL,dbs-web,text_format,NT,no
6,SGBTBL,dbs-web,text_plain,NT,no
6,SGZWBT,dbs-web,text_plain,NT,no
6,SGZWBT,dbs-web,text_format,NT,no
6,SHPTBL,dbs-web,text_format,NTOTP,no
6,SHPTBL,dbs-web,text_plain,NTOTP,no
6,SIGWBT,dbs-web,text_plain,NT,no
6,SIGWBT,dbs-web,text_format,NT,no
6,SIMPNG,dbs-web,text_plain,NT,no
6,SIMPNG,dbs-web,text_format,NT,no
6,SJATBL,dbs-web,text_format,NT,no
6,SJATBL,dbs-web,text_plain,NT,no
7,SJPSTYS1DA,dbp-prod,audio,S,no
7,SJPSTYS1DA,dbp-prod,audio,S,no
7,SKNNVSP1DA,dbp-prod,audio,NTPOTP,no
7,SKNNVSP1DA,dbp-prod,audio,NTPOTP,no
7,SKNNVSP2DA,dbp-prod,audio_drama,NTPOTP,no
7,SKNNVSP2DA,dbp-prod,audio_drama,NTPOTP,no
7,SKNNVSP2DA16,dbp-prod,audio_drama,NTPOTP,no
7,SKNNVSP2DA16,dbp-prod,audio_drama,NTPOTP,no
6,SLLTBL,dbs-web,text_format,NT,no
6,SLLTBL,dbs-web,text_plain,NT,no
6,SMKWBT,dbs-web,text_format,NT,no
6,SMKWBT,dbs-web,text_plain,NT,no
7,SNABSZN2DA,dbp-prod,audio_drama,NT,no
7,SNABSZN2DA,dbp-prod,audio_drama,NT,no
6,SNCPNG,dbs-web,text_format,NT,no
6,SNCPNG,dbs-web,text_plain,NT,no
6,SNNWBT,dbs-web,text_format,NT,no
6,SNNWBT,dbs-web,text_plain,NT,no
6,SNPSLV,dbs-web,text_format,NT,no
6,SNPSLV,dbs-web,text_plain,NT,no
6,SNPWBT,dbs-web,text_plain,NT,no
6,SNPWBT,dbs-web,text_format,NT,no
6,SNYWBT,dbs-web,text_plain,NT,no
6,SNYWBT,dbs-web,text_format,NT,no
7,SOMM20,dbp-prod,text_plain,C,no
7,SOMM20,dbp-prod,text_plain,C,no
6,SOMSIM,dbs-web,text_format,C,no
6,SOMSIM,dbs-web,text_plain,C,no
6,SOQWBT,dbs-web,text_plain,NT,no
6,SOQWBT,dbs-web,text_format,NTOTP,no
7,SOTBSAN2DA,dbp-prod,audio_drama,NT,no
7,SOTBSAN2DA,dbp-prod,audio_drama,NT,no
6,SOYSIM,dbs-web,text_plain,NT,no
6,SOYSIM,dbs-web,text_format,NT,no
7,SPANVIP2DV,dbp-vid,video_stream,NTP,no
7,SPANVIP2DV,dbp-vid,video_stream,NTP,no
2,SPARV09,dbs-web,text_plain,C,no
2,SPARV09,dbs-web,text_format,C,no
6,SPLWBT,dbs-web,text_plain,NT,no
6,SPLWBT,dbs-web,text_format,NT,no
7,SPNPDT,dbp-prod,text_plain,C,no
7,SPNPDT,dbp-prod,text_plain,C,no
2,SPNR02,dbp-prod,text_plain,C,no
2,SPNRVC,dbp-prod,text_plain,C,no
2,SPNRVC,dbp-prod,text_format,C,no
2,SPNSEV,dbp-prod,text_plain,C,no
6,SPPTBL,dbs-web,text_plain,NT,no
6,SPPTBL,dbs-web,text_format,NTOTP,no
6,SPSWBT,dbs-web,text_plain,NT,no
6,SPSWBT,dbs-web,text_format,NTOTP,no
6,SPYWBT,dbs-web,text_plain,NTOTP,no
6,SPYWBT,dbs-web,text_format,NT,no
7,SRBBSIN2DA,dbp-prod,audio_drama,NT,no
7,SRBBSIN2DA,dbp-prod,audio_drama,NT,no
6,SRIWBT,dbs-web,text_plain,NT,no
6,SRIWBT,dbs-web,text_format,NT,no
6,SRMWBT,dbs-web,text_plain,NT,no
6,SRMWBT,dbs-web,text_format,NT,no
6,SRNBSS,dbs-web,text_plain,NT,no
6,SRNBSS,dbs-web,text_format,NT,no
6,SRPERV,dbs-web,text_format,C,no
6,SRPERV,dbs-web,text_plain,C,no
6,SSDWBT,dbs-web,text_format,NTOTP,no
6,SSDWBT,dbs-web,text_plain,NTOTP,no
6,SSGWBT,dbs-web,text_format,NT,no
6,SSGWBT,dbs-web,text_plain,NT,no
6,SSXPNG,dbs-web,text_format,NTOTP,no
6,SSXPNG,dbs-web,text_plain,NTOTP,no
6,STPTBL,dbs-web,text_format,NT,no
6,STPTBL,dbs-web,text_plain,NT,no
7,SUACLV,dbp-prod,text_plain,NT,no
7,SUACLV,dbp-prod,text_plain,NT,no
7,SUACLVN2DA,dbp-prod,audio_drama,NT,no
7,SUACLVN2DA,dbp-prod,audio_drama,NT,no
6,SUATBL,dbs-web,text_plain,NT,no
6,SUATBL,dbs-web,text_format,NT,no
6,SUEWBT,dbs-web,text_plain,NT,no
6,SUEWBT,dbs-web,text_format,NT,no
6,SUSAPB,dbs-web,text_plain,NTOTP,no
6,SUSAPB,dbs-web,text_format,NTOTP,no
6,SUSPBT,dbs-web,text_format,NT,no
6,SUSPBT,dbs-web,text_plain,NT,no
7,SUSPBTP2DV,dbp-vid,video_stream,NTP,no
7,SUSPBTP2DV,dbp-vid,video_stream,NTP,no
6,SUZWBT,dbs-web,text_format,C,no
6,SUZWBT,dbs-web,text_plain,C,no
7,SWDIBSP1DA,dbp-prod,audio,NTP,no
7,SWDIBSP1DA,dbp-prod,audio,NTP,no
2,SWES17,dbp-prod,text_plain,C,no
6,SWHPOR,dbs-web,text_format,NTP,no
6,SWHPOR,dbs-web,text_plain,NTP,no
6,SWPPNG,dbs-web,text_format,NTPOTP,no
6,SWPPNG,dbs-web,text_plain,NTOTP,no
7,SWZBSSN2DA,dbp-prod,audio_drama,NT,no
7,SWZBSSN2DA,dbp-prod,audio_drama,NT,no
6,SXBWBT,dbs-web,text_format,NT,no
6,SXBWBT,dbs-web,text_plain,NT,no
6,TABIBT,dbs-web,text_format,NT,no
6,TABIBT,dbs-web,text_plain,NT,no
6,TACPBC,dbs-web,text_plain,NT,no
6,TACPBC,dbs-web,text_format,NT,no
6,TAJWBT,dbs-web,text_plain,NT,no
6,TAJWBT,dbs-web,text_format,NT,no
6,TAMERV,dbs-web,text_plain,C,no
6,TAMERV,dbs-web,text_format,C,no
6,TAMOTB,dbs-web,text_format,NTP,no
6,TAMOTB,dbs-web,text_plain,NTP,no
6,TATIBT,dbs-web,text_format,NTP,no
6,TATIBT,dbs-web,text_plain,NTP,no
6,TAVWBT,dbs-web,text_plain,NT,no
6,TAVWBT,dbs-web,text_format,NT,no
6,TAWTNT,dbs-web,text_plain,NT,no
6,TAWTNT,dbs-web,text_format,NT,no
6,TBCPNG,dbs-web,text_format,NT,no
6,TBCPNG,dbs-web,text_plain,NT,no
6,TBGNOR,dbs-web,text_plain,NTPOTP,no
6,TBGWBT,dbs-web,text_plain,NTOTP,no
6,TBGWBT,dbs-web,text_format,NTOTP,no
6,TBLWBT,dbs-web,text_plain,NTP,no
6,TBLWBT,dbs-web,text_format,NTP,no
6,TBOWBT,dbs-web,text_plain,NT,no
6,TBOWBT,dbs-web,text_format,NT,no
7,TBTPTBP1DA,dbp-prod,audio,NTP,no
7,TBTPTBP1DA,dbp-prod,audio,NTP,no
7,TBTPTBP2DA,dbp-prod,audio_drama,NTP,no
7,TBTPTBP2DA,dbp-prod,audio_drama,NTP,no
7,TBTWBTP2DV,dbp-vid,video_stream,NTP,no
7,TBTWBTP2DV,dbp-vid,video_stream,NTP,no
6,TBZBSB,dbs-web,text_format,C,no
6,TBZBSB,dbs-web,text_plain,C,no
6,TCATBL,dbs-web,text_format,NT,no
6,TCATBL,dbs-web,text_plain,NT,no
7,TCVOVVN2DA,dbp-prod,audio_drama,NT,no
7,TCVOVVN2DA,dbp-prod,audio_drama,NT,no
7,TCVOVVN2DA16,dbp-prod,audio_drama,NT,no
7,TCVOVVN2DA16,dbp-prod,audio_drama,NT,no
7,TCWOVVN2DA,dbp-prod,audio_drama,NT,no
7,TCWOVVN2DA,dbp-prod,audio_drama,NT,no
7,TCWOVVN2DA16,dbp-prod,audio_drama,NT,no
7,TCWOVVN2DA16,dbp-prod,audio_drama,NT,no
7,TDBSTYS1DA,dbp-prod,audio,S,no
7,TDBSTYS1DA,dbp-prod,audio,S,no
6,TDTUBB,dbs-web,text_format,NTPOTP,no
6,TDTUBB,dbs-web,text_plain,NTPOTP,no
6,TEETBL,dbs-web,text_plain,NT,no
6,TEETBL,dbs-web,text_format,NT,no
6,TELOTB,dbs-web,text_format,NTP,no
6,TELOTB,dbs-web,text_plain,NTP,no
7,TEOBSUP2DV,dbp-vid,video_stream,NTP,no
7,TEOBSUP2DV,dbp-vid,video_stream,NTP,no
6,TERTBL,dbs-web,text_plain,NT,no
6,TERTBL,dbs-web,text_format,NT,no
6,TETTET,dbs-web,text_format,NTOTP,no
6,TETTET,dbs-web,text_plain,NTOTP,no
6,TEWBDV,dbs-web,text_plain,NTP,no
6,TEWBDV,dbs-web,text_format,NTP,no
6,TFRWBT,dbs-web,text_format,NTOTP,no
6,TFRWBT,dbs-web,text_plain,NT,no
6,TGKIB2,dbs-web,text_plain,NTP,no
6,TGKIBC,dbs-web,text_format,C,no
6,TGKIBC,dbs-web,text_plain,C,no
6,TGKIBT,dbs-web,text_format,NTPOTP,no
6,TGKIBT,dbs-web,text_plain,NTPOTP,no
7,TGKIBTP2DV,dbp-vid,video_stream,NTP,no
7,TGKIBTP2DV,dbp-vid,video_stream,NTP,no
7,TGLMBB,dbp-prod,text_plain,NT,no
7,TGLMBB,dbp-prod,text_plain,NT,no
7,TGLMBBN2DA,dbp-prod,audio_drama,NT,no
7,TGLMBBN2DA,dbp-prod,audio_drama,NT,no
2,TGLTAB,dbp-prod,text_plain,C,no
6,TGOWBT,dbs-web,text_plain,NTOTP,no
6,TGOWBT,dbs-web,text_format,NTOTP,no
6,TGPWBT,dbs-web,text_format,NT,no
6,TGPWBT,dbs-web,text_plain,NT,no
6,THAERV,dbs-web,text_plain,C,no
6,THAERV,dbs-web,text_format,C,no
6,THAKJV,dbs-web,text_format,C,no
6,THAKJV,dbs-web,text_plain,NT,no
7,THKBTLP2DV,dbp-vid,video_stream,NTP,no
7,THKBTLP2DV,dbp-vid,video_stream,NTP,no
6,TIFWBT,dbs-web,text_plain,NT,no
6,TIFWBT,dbs-web,text_format,NT,no
6,TIMTBL,dbs-web,text_plain,NT,no
6,TIMTBL,dbs-web,text_format,NT,no
6,TIYWBT,dbs-web,text_format,NT,no
6,TIYWBT,dbs-web,text_plain,NT,no
6,TKEWBT,dbs-web,text_format,NTP,no
6,TKEWBT,dbs-web,text_plain,NTP,no
6,TKRIBT,dbs-web,text_format,OTP,no
6,TKRIBT,dbs-web,text_plain,OTP,no
6,TKUWBT,dbs-web,text_plain,NT,no
6,TKUWBT,dbs-web,text_format,NT,no
6,TLFWBT,dbs-web,text_format,NT,no
6,TLFWBT,dbs-web,text_plain,NT,no
6,TNAWBT,dbs-web,text_format,NT,no
6,TNAWBT,dbs-web,text_plain,NT,no
6,TNCBLI,dbs-web,text_format,NTP,no
6,TNCBLI,dbs-web,text_plain,NTP,no
6,TNKWBT,dbs-web,text_format,NT,no
6,TNKWBT,dbs-web,text_plain,NT,no
6,TNNTNT,dbs-web,text_format,NT,no
6,TNNTNT,dbs-web,text_plain,NT,no
6,TNPTNP,dbs-web,text_plain,NT,no
6,TNPTNP,dbs-web,text_format,NT,no
6,TOCTBL,dbs-web,text_format,NT,no
6,TOCTBL,dbs-web,text_plain,NT,no
7,TODPBT,dbp-prod,text_plain,NTPOTP,no
6,TODPBT,dbs-web,text_plain,NTPOTP,no
7,TODPBT,dbp-prod,text_format,NTPOTP,no
7,TODPBT,dbp-prod,text_format,NTPOTP,no
6,TODPBT,dbs-web,text_format,NTPOTP,no
7,TODPBT,dbp-prod,text_plain,NTPOTP,no
6,TOJWBT,dbs-web,text_format,NT,no
6,TOJWBT,dbs-web,text_plain,NT,no
6,TONBAX,dbs-web,text_format,C,no
6,TONBAX,dbs-web,text_plain,C,no
2,TONRWT,dbp-prod,text_format,C,no
2,TONRWT,dbp-prod,text_plain,C,no
6,TOOWBT,dbs-web,text_plain,NT,no
6,TOOWBT,dbs-web,text_format,NT,no
6,TOPWBT,dbs-web,text_format,NT,no
6,TOPWBT,dbs-web,text_plain,NT,no
6,TOSTBL,dbs-web,text_format,NT,no
6,TOSTBL,dbs-web,text_plain,NT,no
6,TPAMRK,dbs-web,text_plain,NTP,no
6,TPAMRK,dbs-web,text_format,NTP,no
6,TPIPNG,dbs-web,text_plain,OT,no
6,TPIPNG,dbs-web,text_format,C,no
7,TPMGIL,dbp-prod,text_plain,NT,no
7,TPMGIL,dbp-prod,text_format,NT,no
7,TPMGIL,dbp-prod,text_plain,NT,no
7,TPMGIL,dbp-prod,text_format,NT,no
6,TPTTBL,dbs-web,text_plain,NT,no
6,TPTTBL,dbs-web,text_format,NT,no
6,TPZWBT,dbs-web,text_plain,NT,no
6,TPZWBT,dbs-web,text_format,NT,no
6,TRCWBT,dbs-web,text_format,NT,no
6,TRCWBT,dbs-web,text_plain,NT,no
7,TRPBSIN2DA,dbp-prod,audio_drama,NT,no
7,TRPBSIN2DA,dbp-prod,audio_drama,NT,no
7,TSNSAFN2DA,dbp-prod,audio_drama,NT,no
7,TSNSAFN2DA,dbp-prod,audio_drama,NT,no
7,TSOMLTN2DA,dbp-prod,audio_drama,NT,no
7,TSOMLTN2DA,dbp-prod,audio_drama,NT,no
7,TSVBSGN1DA,dbp-prod,audio,NT,no
7,TSVBSGN1DA,dbp-prod,audio,NT,no
7,TSVBSGN1DA16,dbp-prod,audio,NT,no
7,TSVBSGN1DA16,dbp-prod,audio,NT,no
7,TSVBSGN2DA,dbp-prod,audio_drama,NT,no
7,TSVBSGN2DA,dbp-prod,audio_drama,NT,no
7,TSVBSGN2DA16,dbp-prod,audio_drama,NT,no
7,TSVBSGN2DA16,dbp-prod,audio_drama,NT,no
6,TSWWBT,dbs-web,text_plain,NT,no
6,TSWWBT,dbs-web,text_format,NT,no
6,TTCWBT,dbs-web,text_format,NT,no
6,TTCWBT,dbs-web,text_plain,NT,no
6,TTETBL,dbs-web,text_plain,NT,no
6,TTETBL,dbs-web,text_format,NT,no
7,TU2WBT,dbp-prod,text_plain,NTOTP,no
7,TU2WBT,dbp-prod,text_plain,NTOTP,no
7,TUCOOV,dbp-prod,text_plain,NTOTP,no
7,TUCOOV,dbp-prod,text_plain,NTOTP,no
6,TUCSNT,dbs-web,text_plain,NTOTP,no
6,TUCSNT,dbs-web,text_format,NTOTP,no
6,TUCTNT,dbs-web,text_plain,NTOTP,no
6,TUCTNT,dbs-web,text_format,NTOTP,no
6,TUEWBT,dbs-web,text_plain,NT,no
6,TUEWBT,dbs-web,text_format,NT,no
6,TUFWYI,dbs-web,text_format,NT,no
6,TUFWYI,dbs-web,text_plain,NT,no
6,TUKIBC,dbs-web,text_plain,NT,no
6,TUKIBC,dbs-web,text_format,NT,no
6,TUKIBL,dbs-web,text_plain,NT,no
6,TUKIBT,dbs-web,text_format,C,no
6,TUKIBT,dbs-web,text_plain,C,no
7,TUKIBTP2DV,dbp-vid,video_stream,NTP,no
7,TUKIBTP2DV,dbp-vid,video_stream,NTP,no
6,TUKIL2,dbs-web,text_plain,C,no
6,TUOWBT,dbs-web,text_plain,NT,no
6,TUOWBT,dbs-web,text_format,NTOTP,no
6,TURERV,dbs-web,text_format,NT,no
6,TURERV,dbs-web,text_plain,NT,no
6,TVKWBT,dbs-web,text_plain,NTP,no
6,TVKWBT,dbs-web,text_format,NTOTP,no
6,TXQUBB,dbs-web,text_format,NTOTP,no
6,TXQUBB,dbs-web,text_plain,NTOTP,no
6,TXUTBL,dbs-web,text_format,NT,no
6,TXUTBL,dbs-web,text_plain,NT,no
6,TYVIBT,dbs-web,text_format,C,no
6,TYVIBT,dbs-web,text_plain,OT,no
7,TYVIBTP2DV,dbp-vid,video_stream,NTP,no
7,TYVIBTP2DV,dbp-vid,video_stream,NTP,no
6,TZCWBT,dbs-web,text_plain,NT,no
6,TZCWBT,dbs-web,text_format,NT,no
6,TZEWBT,dbs-web,text_plain,NT,no
6,TZEWBT,dbs-web,text_format,NT,no
6,TZJEAS,dbs-web,text_format,NT,no
6,TZJEAS,dbs-web,text_plain,NT,no
6,TZJWES,dbs-web,text_format,NT,no
6,TZJWES,dbs-web,text_plain,NT,no
6,TZOSAN,dbs-web,text_format,NT,no
6,TZOSAN,dbs-web,text_plain,NT,no
6,TZOWBT,dbs-web,text_plain,NT,no
6,TZOWBT,dbs-web,text_format,NT,no
6,TZOZIN,dbs-web,text_format,NT,no
6,TZOZIN,dbs-web,text_plain,NT,no
6,UBRTBL,dbs-web,text_format,NTOTP,no
6,UBRTBL,dbs-web,text_plain,NTOTP,no
6,UBUKAL,dbs-web,text_format,NT,no
6,UBUKAL,dbs-web,text_plain,NT,no
6,UBUNPG,dbs-web,text_format,NT,no
6,UBUNPG,dbs-web,text_plain,NT,no
6,UBUU98,dbs-web,text_format,NT,no
6,UBUU98,dbs-web,text_plain,NT,no
7,UDMIBTP2DV,dbp-vid,video_stream,NTP,no
7,UDMIBTP2DV,dbp-vid,video_stream,NTP,no
6,UDUSIM,dbs-web,text_format,NTOTP,no
6,UDUSIM,dbs-web,text_plain,NT,no
6,UKRERV,dbs-web,text_plain,NT,no
6,UKRERV,dbs-web,text_format,NT,no
2,UKRO30,dbp-prod,text_plain,C,no
6,URATBL,dbs-web,text_format,NT,no
6,URATBL,dbs-web,text_plain,NT,no
6,URBWBT,dbs-web,text_format,NT,no
6,URBWBT,dbs-web,text_plain,NT,no
7,URDBSIN2DA,dbp-prod,audio_drama,NT,no
7,URDBSIN2DA,dbp-prod,audio_drama,NT,no
6,URDERV,dbs-web,text_plain,C,no
6,URDERV,dbs-web,text_format,C,no
6,URDOUB,dbs-web,text_format,NT,no
6,URDOUB,dbs-web,text_plain,NT,no
6,USAWBT,dbs-web,text_format,NT,no
6,USAWBT,dbs-web,text_plain,NT,no
6,USPWBT,dbs-web,text_plain,NT,no
6,USPWBT,dbs-web,text_format,NT,no
6,UVLUVL,dbs-web,text_format,NT,no
6,UVLUVL,dbs-web,text_plain,NT,no
6,UZBIB2,dbs-web,text_format,C,no
6,UZBIB2,dbs-web,text_plain,C,no
6,UZBIBL,dbs-web,text_format,NTOTP,no
6,UZBIBL,dbs-web,text_plain,NTOTP,no
6,UZBIBT,dbs-web,text_plain,NT,no
6,UZBIBT,dbs-web,text_format,NTOTP,no
7,VENSAFN2DA,dbp-prod,audio_drama,NT,no
7,VENSAFN2DA,dbp-prod,audio_drama,NT,no
6,VIDWFW,dbs-web,text_format,NT,no
6,VIDWFW,dbs-web,text_plain,NT,no
6,VIEERV,dbs-web,text_plain,C,no
6,VIEERV,dbs-web,text_format,C,no
7,VIEV34,dbp-prod,text_plain,C,no
7,VIEV34,dbp-prod,text_plain,C,no
6,VIVWBT,dbs-web,text_plain,NT,no
6,VIVWBT,dbs-web,text_format,NT,no
6,VMYTBL,dbs-web,text_plain,NT,no
6,VMYTBL,dbs-web,text_format,NT,no
6,WAJWBT,dbs-web,text_format,NT,no
6,WAJWBT,dbs-web,text_plain,NT,no
6,WALSIM,dbs-web,text_plain,C,no
6,WALSIM,dbs-web,text_format,NTPOTP,no
6,WAPWBT,dbs-web,text_format,NT,no
6,WAPWBT,dbs-web,text_plain,NT,no
6,WATWAT,dbs-web,text_plain,OTP,no
6,WATWAT,dbs-web,text_format,OTP,no
6,WEDTOP,dbs-web,text_plain,NTP,no
6,WEDTOP,dbs-web,text_format,NTP,no
6,WEDWBT,dbs-web,text_format,NTP,no
6,WEDWBT,dbs-web,text_plain,NTP,no
6,WERWBT,dbs-web,text_plain,NT,no
6,WERWBT,dbs-web,text_format,NT,no
6,WIUTBL,dbs-web,text_format,NT,no
6,WIUTBL,dbs-web,text_plain,NT,no
6,WMWWYI,dbs-web,text_format,NT,no
6,WMWWYI,dbs-web,text_plain,NT,no
6,WNCPNG,dbs-web,text_plain,NTOTP,no
6,WNCPNG,dbs-web,text_format,NTOTP,no
6,WNUPNG,dbs-web,text_plain,NT,no
6,WNUPNG,dbs-web,text_format,NT,no
6,WOSWBT,dbs-web,text_format,NTOTP,no
6,WOSWBT,dbs-web,text_plain,NTOTP,no
6,WRSPNG,dbs-web,text_plain,NTOTP,no
6,WRSPNG,dbs-web,text_format,NTOTP,no
6,WSKPNG,dbs-web,text_plain,NTOTP,no
6,WSKPNG,dbs-web,text_format,NTOTP,no
6,WUVWBT,dbs-web,text_format,NT,no
6,WUVWBT,dbs-web,text_plain,NT,no
6,XALIBT,dbs-web,text_plain,NTOTP,no
6,XALIBT,dbs-web,text_format,NTOTP,no
6,XAVTBL,dbs-web,text_plain,NT,no
6,XAVTBL,dbs-web,text_format,NT,no
6,XBISSP,dbs-web,text_format,NTPOTP,no
6,XBISSP,dbs-web,text_plain,NTPOTP,no
6,XBIYAN,dbs-web,text_plain,NTPOTP,no
6,XBIYAN,dbs-web,text_format,NTPOTP,no
6,XEDWYI,dbs-web,text_format,NT,no
6,XEDWYI,dbs-web,text_plain,NT,no
7,XHOSAFN2DA,dbp-prod,audio_drama,NT,no
7,XHOSAFN2DA,dbp-prod,audio_drama,NT,no
6,XLAPNG,dbs-web,text_plain,NT,no
6,XLAPNG,dbs-web,text_format,NTOTP,no
6,XNROUB,dbs-web,text_plain,NT,no
6,XNROUB,dbs-web,text_format,NT,no
7,XNRSTYS1DA,dbp-prod,audio,S,no
7,XNRSTYS1DA,dbp-prod,audio,S,no
7,XOGBSUP2DV,dbp-vid,video_stream,NTP,no
7,XOGBSUP2DV,dbp-vid,video_stream,NTP,no
6,XONWBT,dbs-web,text_format,NT,no
6,XONWBT,dbs-web,text_plain,NT,no
6,XSITBL,dbs-web,text_plain,NTOTP,no
6,XSITBL,dbs-web,text_format,NTOTP,no
6,XTDTBL,dbs-web,text_format,NT,no
6,XTDTBL,dbs-web,text_plain,NT,no
6,XTMWBT,dbs-web,text_plain,NT,no
6,XTMWBT,dbs-web,text_format,NT,no
6,YAATBL,dbs-web,text_plain,NT,no
6,YAATBL,dbs-web,text_format,NT,no
6,YADTBL,dbs-web,text_format,NT,no
6,YADTBL,dbs-web,text_plain,NT,no
6,YALPBT,dbs-web,text_format,C,no
6,YALPBT,dbs-web,text_plain,NT,no
7,YANBSNN1DA,dbp-prod,audio,NT,no
7,YANBSNN1DA,dbp-prod,audio,NT,no
7,YANBSNN1DA16,dbp-prod,audio,NT,no
7,YANBSNN1DA16,dbp-prod,audio,NT,no
7,YANBSNN2DA,dbp-prod,audio_drama,NT,no
7,YANBSNN2DA,dbp-prod,audio_drama,NT,no
7,YANBSNN2DA16,dbp-prod,audio_drama,NT,no
7,YANBSNN2DA16,dbp-prod,audio_drama,NT,no
6,YAQTBL,dbs-web,text_format,NT,no
6,YAQTBL,dbs-web,text_plain,NT,no
6,YBYWBT,dbs-web,text_plain,NT,no
6,YBYWBT,dbs-web,text_format,NT,no
6,YCNWBT,dbs-web,text_plain,NT,no
6,YCNWBT,dbs-web,text_format,NT,no
6,YKAWBT,dbs-web,text_format,NTOTP,no
6,YKAWBT,dbs-web,text_plain,NTOTP,no
6,YLETBL,dbs-web,text_format,NT,no
6,YLETBL,dbs-web,text_plain,NT,no
6,YMLTBL,dbs-web,text_format,NT,no
6,YMLTBL,dbs-web,text_plain,NT,no
6,YONPNG,dbs-web,text_plain,NTOTP,no
6,YONPNG,dbs-web,text_format,NTOTP,no
6,YRBTBL,dbs-web,text_plain,NT,no
6,YRBTBL,dbs-web,text_format,NT,no
6,YREWBT,dbs-web,text_format,NT,no
6,YREWBT,dbs-web,text_plain,NT,no
6,YRKIBT,dbs-web,text_format,NTP,no
6,YRKIBT,dbs-web,text_plain,NTP,no
6,YSSWBT,dbs-web,text_format,NT,no
6,YSSWBT,dbs-web,text_plain,NT,no
6,YSSYYV,dbs-web,text_plain,NT,no
6,YSSYYV,dbs-web,text_format,NT,no
7,YUHRUV,dbp-prod,text_plain,NT,no
7,YUHRUV,dbp-prod,text_plain,NT,no
2,YUHUN2,dbp-prod,text_plain,C,no
2,YUHUNV,dbp-prod,text_format,NT,no
2,YUHUNV,dbp-prod,text_plain,C,no
7,YUHUVR,dbp-prod,text_plain,NT,no
7,YUHUVR,dbp-prod,text_plain,NT,no
7,YUHUVRN1DA,dbp-prod,audio,NT,no
7,YUHUVRN1DA,dbp-prod,audio,NT,no
6,YUJWBT,dbs-web,text_plain,NT,no
6,YUJWBT,dbs-web,text_format,NT,no
6,YUTWBT,dbs-web,text_plain,NT,no
6,YUTWBT,dbs-web,text_format,NTOTP,no
6,YUWPNG,dbs-web,text_plain,NT,no
6,YUWPNG,dbs-web,text_format,NT,no
7,YUZNTMP1DA,dbp-prod,audio,OTP,no
7,YUZNTMP1DA,dbp-prod,audio,OTP,no
6,YVATBL,dbs-web,text_format,NT,no
6,YVATBL,dbs-web,text_plain,NT,no
6,ZAATBL,dbs-web,text_format,NT,no
6,ZAATBL,dbs-web,text_plain,NT,no
7,ZABBTT,dbp-prod,text_plain,NT,no
7,ZABBTT,dbp-prod,text_plain,NT,no
7,ZABBTTP1DA,dbp-prod,audio,NTP,no
7,ZABBTTP1DA,dbp-prod,audio,NTP,no
6,ZABTBL,dbs-web,text_plain,NT,no
6,ZABTBL,dbs-web,text_format,NT,no
6,ZACSIM,dbs-web,text_plain,NT,no
6,ZACSIM,dbs-web,text_format,NT,no
6,ZADWBT,dbs-web,text_plain,NT,no
6,ZADWBT,dbs-web,text_format,NT,no
7,ZAINVSN1DA,dbp-prod,audio,NT,no
7,ZAINVSN1DA,dbp-prod,audio,NT,no
6,ZAITBL,dbs-web,text_format,NT,no
6,ZAITBL,dbs-web,text_plain,NT,no
7,ZAJUBSN1DA,dbp-prod,audio,NT,no
7,ZAJUBSN1DA,dbp-prod,audio,NT,no
7,ZAJUBSN1DA16,dbp-prod,audio,NT,no
7,ZAJUBSN1DA16,dbp-prod,audio,NT,no
7,ZAJUBSN2DA,dbp-prod,audio_drama,NT,no
7,ZAJUBSN2DA,dbp-prod,audio_drama,NT,no
7,ZAJUBSN2DA16,dbp-prod,audio_drama,NT,no
7,ZAJUBSN2DA16,dbp-prod,audio_drama,NT,no
6,ZAMILM,dbs-web,text_plain,NT,no
6,ZAMILM,dbs-web,text_format,NT,no
6,ZAOTBL,dbs-web,text_format,NT,no
6,ZAOTBL,dbs-web,text_plain,NT,no
6,ZARTBL,dbs-web,text_plain,NT,no
6,ZARTBL,dbs-web,text_format,NTOTP,no
6,ZASWYI,dbs-web,text_plain,NT,no
6,ZASWYI,dbs-web,text_format,NT,no
6,ZATWBT,dbs-web,text_plain,NTOTP,no
6,ZATWBT,dbs-web,text_format,NTOTP,no
6,ZAVTBL,dbs-web,text_format,NT,no
6,ZAVTBL,dbs-web,text_plain,NT,no
6,ZAWMVR,dbs-web,text_format,NT,no
6,ZAWMVR,dbs-web,text_plain,NT,no
7,ZAWMVRP2DV,dbp-vid,video_stream,NTP,no
7,ZAWMVRP2DV,dbp-vid,video_stream,NTP,no
7,ZAWSIM,dbp-prod,text_plain,NTP,no
7,ZAWSIM,dbp-prod,text_plain,NTP,no
7,ZAWSIMP1DA,dbp-prod,audio,NTP,no
7,ZAWSIMP1DA,dbp-prod,audio,NTP,no
6,ZCAWBT,dbs-web,text_format,NT,no
6,ZCAWBT,dbs-web,text_plain,NT,no
6,ZIAWBT,dbs-web,text_plain,NT,no
6,ZIAWBT,dbs-web,text_format,NT,no
6,ZLMCTX,dbs-web,text_format,NT,no
6,ZLMCTX,dbs-web,text_plain,NT,no
6,ZOSTBL,dbs-web,text_format,NT,no
6,ZOSTBL,dbs-web,text_plain,NT,no
6,ZPCTBL,dbs-web,text_plain,NT,no
6,ZPCTBL,dbs-web,text_format,NT,no
6,ZPIWYI,dbs-web,text_format,NT,no
6,ZPIWYI,dbs-web,text_plain,NT,no
6,ZPLTBL,dbs-web,text_plain,NT,no
6,ZPLTBL,dbs-web,text_format,NT,no
7,ZPMSIM,dbp-prod,text_plain,NT,no
7,ZPMSIM,dbp-prod,text_plain,NT,no
7,ZPMSIMP1DA,dbp-prod,audio,NTP,no
7,ZPMSIMP1DA,dbp-prod,audio,NTP,no
6,ZPMTBL,dbs-web,text_format,NT,no
6,ZPMTBL,dbs-web,text_plain,NT,no
6,ZPOTBL,dbs-web,text_format,NT,no
6,ZPOTBL,dbs-web,text_plain,NT,no
7,ZPQBTT,dbp-prod,text_plain,NT,no
7,ZPQBTT,dbp-prod,text_plain,NT,no
7,ZPQBTTP1DA,dbp-prod,audio,NTP,no
7,ZPQBTTP1DA,dbp-prod,audio,NTP,no
6,ZPQTBL,dbs-web,text_plain,NT,no
6,ZPQTBL,dbs-web,text_format,NT,no
6,ZPUTBL,dbs-web,text_plain,NT,no
6,ZPUTBL,dbs-web,text_format,NT,no
6,ZPVTBL,dbs-web,text_plain,NT,no
6,ZPVTBL,dbs-web,text_format,NT,no
6,ZPZTBL,dbs-web,text_plain,NT,no
6,ZPZTBL,dbs-web,text_format,NT,no
6,ZSRWBT,dbs-web,text_plain,NT,no
6,ZSRWBT,dbs-web,text_format,NT,no
6,ZTQTBL,dbs-web,text_format,NT,no
6,ZTQTBL,dbs-web,text_plain,NT,no
6,ZTYTBL,dbs-web,text_format,NTOTP,no
6,ZTYTBL,dbs-web,text_plain,NT,no
7,ZULSAFN2DA,dbp-prod,audio_drama,NT,no
7,ZULSAFN2DA,dbp-prod,audio_drama,NT,no
6,ZYPWBT,dbs-web,text_format,NT,no
6,ZYPWBT,dbs-web,text_plain,NT,no
